{"is_source_file": true, "format": "JavaScript (React JSX)", "description": "This file defines a React component named InstanceFormModal used for creating and editing MongoDB instances within a modal dialog. It handles form state, validation, and submission for MongoDB connection details.", "external_files": ["./Modal"], "external_methods": ["setForm", "setErrors", "useMemo", "useState", "useEffect"], "published": ["InstanceFormModal"], "classes": [], "methods": [{"name": "InstanceFormModal({ isOpen, mode, initialValue, onSubmit, onClose, busy = false })", "description": "Main React component for the instance creation/editing modal dialog, managing form state, validation, and submission logic.", "scope": "", "scopeKind": ""}, {"name": "handleSubmit(e)", "scope": "InstanceFormModal", "scopeKind": "function", "description": "unavailable"}, {"name": "setField(key, value)", "scope": "InstanceFormModal", "scopeKind": "function", "description": "unavailable"}, {"name": "validateLocal(draft)", "scope": "InstanceFormModal", "scopeKind": "function", "description": "unavailable"}], "calls": ["Modal", "useMemo", "useState", "useEffect", "setForm", "setErrors", "validateLocal", "onSubmit", "setField"], "search-terms": ["React component", "InstanceFormModal", "MongoDB instance form modal", "form validation", "useEffect", "useState", "Modal component"], "state": 2, "file_id": 23, "knowledge_revision": 55, "git_revision": "a1b271c0a2cd243d0e542d216e911ef5a2ff18fc", "ctags": [{"_type": "tag", "name": "3", "path": "/home/kavia/workspace/code-generation/mongodb-performance-monitor-210576-210585/performance_monitor_frontend/src/components/InstanceFormModal.js", "pattern": "/^              rows={3}$/", "language": "JavaScript", "kind": "field", "scope": "InstanceFormModal.rows", "scopeKind": "class"}, {"_type": "tag", "name": "InstanceFormModal", "path": "/home/kavia/workspace/code-generation/mongodb-performance-monitor-210576-210585/performance_monitor_frontend/src/components/InstanceFormModal.js", "pattern": "/^export default function InstanceFormModal({ isOpen, mode, initialValue, onSubmit, onClose, busy /", "language": "JavaScript", "kind": "function", "signature": "({ isOpen, mode, initialValue, onSubmit, onClose, busy = false })"}, {"_type": "tag", "name": "busy", "path": "/home/kavia/workspace/code-generation/mongodb-performance-monitor-210576-210585/performance_monitor_frontend/src/components/InstanceFormModal.js", "pattern": "/^                disabled={busy}$/", "language": "JavaScript", "kind": "field", "scope": "InstanceFormModal.disabled", "scopeKind": "class"}, {"_type": "tag", "name": "busy", "path": "/home/kavia/workspace/code-generation/mongodb-performance-monitor-210576-210585/performance_monitor_frontend/src/components/InstanceFormModal.js", "pattern": "/^              disabled={busy}$/", "language": "JavaScript", "kind": "field", "scope": "InstanceFormModal.autoFocus", "scopeKind": "class"}, {"_type": "tag", "name": "busy", "path": "/home/kavia/workspace/code-generation/mongodb-performance-monitor-210576-210585/performance_monitor_frontend/src/components/InstanceFormModal.js", "pattern": "/^              disabled={busy}$/", "language": "JavaScript", "kind": "field", "scope": "InstanceFormModal.disabled", "scopeKind": "class"}, {"_type": "tag", "name": "busy", "path": "/home/kavia/workspace/code-generation/mongodb-performance-monitor-210576-210585/performance_monitor_frontend/src/components/InstanceFormModal.js", "pattern": "/^      onClose={busy ? undefined : onClose}$/", "language": "JavaScript", "kind": "field", "scope": "InstanceFormModal.onClose", "scopeKind": "class"}, {"_type": "tag", "name": "form", "path": "/home/kavia/workspace/code-generation/mongodb-performance-monitor-210576-210585/performance_monitor_frontend/src/components/InstanceFormModal.js", "pattern": "/^                checked={form.enabled}$/", "language": "JavaScript", "kind": "field", "scope": "InstanceFormModal.checked", "scopeKind": "class"}, {"_type": "tag", "name": "form", "path": "/home/kavia/workspace/code-generation/mongodb-performance-monitor-210576-210585/performance_monitor_frontend/src/components/InstanceFormModal.js", "pattern": "/^              value={form.name}$/", "language": "JavaScript", "kind": "field", "scope": "InstanceFormModal.value", "scopeKind": "class"}, {"_type": "tag", "name": "form", "path": "/home/kavia/workspace/code-generation/mongodb-performance-monitor-210576-210585/performance_monitor_frontend/src/components/InstanceFormModal.js", "pattern": "/^              value={form.notes}$/", "language": "JavaScript", "kind": "field", "scope": "InstanceFormModal.value", "scopeKind": "class"}, {"_type": "tag", "name": "form", "path": "/home/kavia/workspace/code-generation/mongodb-performance-monitor-210576-210585/performance_monitor_frontend/src/components/InstanceFormModal.js", "pattern": "/^              value={form.uri}$/", "language": "JavaScript", "kind": "field", "scope": "InstanceFormModal.value", "scopeKind": "class"}, {"_type": "tag", "name": "handleSubmit", "path": "/home/kavia/workspace/code-generation/mongodb-performance-monitor-210576-210585/performance_monitor_frontend/src/components/InstanceFormModal.js", "pattern": "/^  async function handleSubmit(e) {$/", "language": "JavaScript", "kind": "function", "signature": "(e)", "scope": "InstanceFormModal", "scopeKind": "function"}, {"_type": "tag", "name": "isEdit", "path": "/home/kavia/workspace/code-generation/mongodb-performance-monitor-210576-210585/performance_monitor_frontend/src/components/InstanceFormModal.js", "pattern": "/^      title={isEdit ? \"Edit instance\" : \"Add instance\"}$/", "language": "JavaScript", "kind": "field", "scope": "InstanceFormModal.title", "scopeKind": "class"}, {"_type": "tag", "name": "isOpen", "path": "/home/kavia/workspace/code-generation/mongodb-performance-monitor-210576-210585/performance_monitor_frontend/src/components/InstanceFormModal.js", "pattern": "/^      isOpen={isOpen}$/", "language": "JavaScript", "kind": "field", "scope": "InstanceFormModal.isOpen", "scopeKind": "class"}, {"_type": "tag", "name": "name ? \"is-error\" : \"\"}", "path": "/home/kavia/workspace/code-generation/mongodb-performance-monitor-210576-210585/performance_monitor_frontend/src/components/InstanceFormModal.js", "pattern": "/^              className={`pm-input ${errors.name ? \"is-error\" : \"\"}`}$/", "language": "JavaScript", "kind": "field", "scope": "InstanceFormModal.className.pm-input ${errors", "scopeKind": "class"}, {"_type": "tag", "name": "notes ? \"is-error\" : \"\"}", "path": "/home/kavia/workspace/code-generation/mongodb-performance-monitor-210576-210585/performance_monitor_frontend/src/components/InstanceFormModal.js", "pattern": "/^              className={`pm-textarea ${errors.notes ? \"is-error\" : \"\"}`}$/", "language": "JavaScript", "kind": "field", "scope": "InstanceFormModal.className.pm-textarea ${errors", "scopeKind": "class"}, {"_type": "tag", "name": "setField", "path": "/home/kavia/workspace/code-generation/mongodb-performance-monitor-210576-210585/performance_monitor_frontend/src/components/InstanceFormModal.js", "pattern": "/^  function setField(key, value) {$/", "language": "JavaScript", "kind": "function", "signature": "(key, value)", "scope": "InstanceFormModal", "scopeKind": "function"}, {"_type": "tag", "name": "uri ? \"is-error\" : \"\"}", "path": "/home/kavia/workspace/code-generation/mongodb-performance-monitor-210576-210585/performance_monitor_frontend/src/components/InstanceFormModal.js", "pattern": "/^              className={`pm-input pm-input-mono ${errors.uri ? \"is-error\" : \"\"}`}$/", "language": "JavaScript", "kind": "field", "scope": "InstanceFormModal.className.pm-input pm-input-mono ${errors", "scopeKind": "class"}, {"_type": "tag", "name": "validateLocal", "path": "/home/kavia/workspace/code-generation/mongodb-performance-monitor-210576-210585/performance_monitor_frontend/src/components/InstanceFormModal.js", "pattern": "/^  function validateLocal(draft) {$/", "language": "JavaScript", "kind": "function", "signature": "(draft)", "scope": "InstanceFormModal", "scopeKind": "function"}], "hash": "706aae714d7523d27cfc6fb7d4e2d779", "format-version": 4, "code-base-name": "performance_monitor_frontend", "filename": "performance_monitor_frontend/src/components/InstanceFormModal.js", "fields": [{"name": "rows={3}", "scope": "InstanceFormModal.rows", "scopeKind": "class", "description": "unavailable"}, {"name": "disabled={busy}", "scope": "InstanceFormModal.disabled", "scopeKind": "class", "description": "unavailable"}, {"name": "onClose={busy ? undefined : onClose}", "scope": "InstanceFormModal.onClose", "scopeKind": "class", "description": "unavailable"}, {"name": "checked={form.enabled}", "scope": "InstanceFormModal.checked", "scopeKind": "class", "description": "unavailable"}, {"name": "value={form.name}", "scope": "InstanceFormModal.value", "scopeKind": "class", "description": "unavailable"}, {"name": "value={form.notes}", "scope": "InstanceFormModal.value", "scopeKind": "class", "description": "unavailable"}, {"name": "value={form.uri}", "scope": "InstanceFormModal.value", "scopeKind": "class", "description": "unavailable"}, {"name": "title={isEdit ? \"Edit instance\" : \"Add instance\"}", "scope": "InstanceFormModal.title", "scopeKind": "class", "description": "unavailable"}, {"name": "isOpen={isOpen}", "scope": "InstanceFormModal.isOpen", "scopeKind": "class", "description": "unavailable"}, {"name": "className={`pm-input ${errors.name ? \"is-error\" : \"\"}`}", "scope": "InstanceFormModal.className.pm-input ${errors", "scopeKind": "class", "description": "unavailable"}, {"name": "className={`pm-textarea ${errors.notes ? \"is-error\" : \"\"}`}", "scope": "InstanceFormModal.className.pm-textarea ${errors", "scopeKind": "class", "description": "unavailable"}, {"name": "className={`pm-input pm-input-mono ${errors.uri ? \"is-error\" : \"\"}`}", "scope": "InstanceFormModal.className.pm-input pm-input-mono ${errors", "scopeKind": "class", "description": "unavailable"}], "revision_history": [{"55": "a1b271c0a2cd243d0e542d216e911ef5a2ff18fc"}]}