{"is_source_file": true, "format": "JavaScript", "description": "This file defines a Recommendations Service module for handling API interactions related to recommendations, including listing recommendations, updating their status, and specific actions like apply, dismiss, and restore. It uses an internal API client and manages API request retries with prefix handling.", "external_files": ["./apiClient"], "external_methods": ["apiTryRequest"], "published": ["listRecommendations", "updateRecommendationStatus", "applyRecommendation", "dismissRecommendation", "restoreRecommendation"], "classes": [], "methods": [{"name": "tryMany({ method, path, query, body })", "description": "Retries API requests across different URL prefixes until a successful response or an error occurs.", "scope": "", "scopeKind": ""}, {"name": "normalizeListResponse(data)", "description": "Normalizes various possible API response data formats into a consistent item list structure.", "scope": "", "scopeKind": ""}, {"name": "listRecommendations({ instanceId, type,  status,  severity, impact, } = {})", "description": "Fetches a list of recommendations with optional filters like instanceId, type, status, severity, and impact.", "scope": "", "scopeKind": ""}, {"name": "updateRecommendationStatus(id, nextStatus)", "description": "Updates the status of a specific recommendation by ID.", "scope": "", "scopeKind": ""}, {"name": "applyRecommendation(id)", "description": "Marks a recommendation as applied.", "scope": "", "scopeKind": ""}, {"name": "dismissRecommendation(id)", "description": "Marks a recommendation as dismissed.", "scope": "", "scopeKind": ""}, {"name": "restoreRecommendation(id)", "description": "Restores a recommendation to open status.", "scope": "", "scopeKind": ""}], "calls": ["apiTryRequest"], "search-terms": ["recommendations", "recommendation status", "update recommendation", "recommendationsService", "apiTryRequest"], "state": 2, "file_id": 40, "knowledge_revision": 98, "git_revision": "", "ctags": [{"_type": "tag", "name": "applyRecommendation", "path": "/home/kavia/workspace/code-generation/mongodb-performance-monitor-210576-210585/performance_monitor_frontend/src/lib/recommendationsService.js", "pattern": "/^export async function applyRecommendation(id) {$/", "language": "JavaScript", "kind": "function", "signature": "(id)"}, {"_type": "tag", "name": "dismissRecommendation", "path": "/home/kavia/workspace/code-generation/mongodb-performance-monitor-210576-210585/performance_monitor_frontend/src/lib/recommendationsService.js", "pattern": "/^export async function dismissRecommendation(id) {$/", "language": "JavaScript", "kind": "function", "signature": "(id)"}, {"_type": "tag", "name": "listRecommendations", "path": "/home/kavia/workspace/code-generation/mongodb-performance-monitor-210576-210585/performance_monitor_frontend/src/lib/recommendationsService.js", "pattern": "/^export async function listRecommendations({$/", "language": "JavaScript", "kind": "function", "signature": "({ instanceId, type,  status,  severity, impact, } = {})"}, {"_type": "tag", "name": "normalizeListResponse", "path": "/home/kavia/workspace/code-generation/mongodb-performance-monitor-210576-210585/performance_monitor_frontend/src/lib/recommendationsService.js", "pattern": "/^function normalizeListResponse(data) {$/", "language": "JavaScript", "kind": "function", "signature": "(data)"}, {"_type": "tag", "name": "prefixes", "path": "/home/kavia/workspace/code-generation/mongodb-performance-monitor-210576-210585/performance_monitor_frontend/src/lib/recommendationsService.js", "pattern": "/^const prefixes = [\"\", \"\\/api\"];$/", "language": "JavaScript", "kind": "constant"}, {"_type": "tag", "name": "restoreRecommendation", "path": "/home/kavia/workspace/code-generation/mongodb-performance-monitor-210576-210585/performance_monitor_frontend/src/lib/recommendationsService.js", "pattern": "/^export async function restoreRecommendation(id) {$/", "language": "JavaScript", "kind": "function", "signature": "(id)"}, {"_type": "tag", "name": "tryMany", "path": "/home/kavia/workspace/code-generation/mongodb-performance-monitor-210576-210585/performance_monitor_frontend/src/lib/recommendationsService.js", "pattern": "/^async function tryMany({ method, path, query, body }) {$/", "language": "JavaScript", "kind": "function", "signature": "({ method, path, query, body })"}, {"_type": "tag", "name": "updateRecommendationStatus", "path": "/home/kavia/workspace/code-generation/mongodb-performance-monitor-210576-210585/performance_monitor_frontend/src/lib/recommendationsService.js", "pattern": "/^export async function updateRecommendationStatus(id, nextStatus) {$/", "language": "JavaScript", "kind": "function", "signature": "(id, nextStatus)"}], "hash": "97e0937b6ecc756386c3013acf81960c", "format-version": 4, "code-base-name": "performance_monitor_frontend", "filename": "performance_monitor_frontend/src/lib/recommendationsService.js", "revision_history": [{"98": ""}]}