{"is_source_file": true, "file_id": 31, "git_revision": "", "state": 1, "description": "", "external_files": [], "external_methods": [], "published": [], "classes": [], "methods": [], "calls": [], "search-terms": [], "ctags": [{"_type": "tag", "name": "useWebSocketConnection", "path": "/home/kavia/workspace/code-generation/mongodb-performance-monitor-210576-210585/performance_monitor_frontend/src/lib/wsHooks.js", "pattern": "/^export function useWebSocketConnection({ enabled, url }) {$/", "language": "JavaScript", "kind": "function", "signature": "({ enabled, url })"}], "format": "JavaScript", "hash": "f81cc09668a5dc26cf3659342a26104f", "format-version": 4, "code-base-name": "performance_monitor_frontend", "filename": "performance_monitor_frontend/src/lib/wsHooks.js", "knowledge_revision": 74}