{"is_source_file": true, "format": "JavaScript", "description": "This is a configuration module for a React frontend project, defining default API and WebSocket URLs, feature flag parsing, and exported configuration functions.", "external_files": [], "external_methods": ["process.env.REACT_APP_FEATURE_FLAGS", "process.env.BACKEND_URL", "process.env.REACT_APP_API_BASE_URL", "process.env.WS_URL", "process.env.REACT_APP_WS_URL"], "published": ["config", "getFlag", "getBooleanFlag", "getEnumFlag"], "classes": [], "methods": [{"name": "normalizeBaseUrl(url)", "description": "Removes trailing slash from URL and trims it, used for URL normalization.", "scope": "", "scopeKind": ""}, {"name": "parseFlags(raw)", "description": "Parses feature flag string into a key-value object.", "scope": "", "scopeKind": ""}, {"name": "getBooleanFlag(key, fallback = false)", "scope": "", "scopeKind": "", "description": "unavailable"}, {"name": "getEnumFlag(key, allowed, fallback)", "scope": "", "scopeKind": "", "description": "unavailable"}, {"name": "getFlag(key, fallback = undefined)", "scope": "", "scopeKind": "", "description": "unavailable"}], "calls": ["normalizeBaseUrl", "parseFlags", "getFlag", "getBooleanFlag", "getEnumFlag"], "search-terms": ["config", "feature flags", "REACT_APP_API_BASE_URL", "REACT_APP_WS_URL", "DEFAULT_API_BASE", "normalizeBaseUrl", "parseFlags"], "state": 2, "file_id": 29, "knowledge_revision": 100, "git_revision": "", "revision_history": [{"73": ""}, {"100": ""}], "ctags": [{"_type": "tag", "name": "DEFAULT_API_BASE", "path": "/home/kavia/workspace/code-generation/mongodb-performance-monitor-210576-210585/performance_monitor_frontend/src/lib/config.js", "pattern": "/^const DEFAULT_API_BASE = \"http:\\/\\/localhost:8000\";$/", "language": "JavaScript", "kind": "constant"}, {"_type": "tag", "name": "apiBaseUrl", "path": "/home/kavia/workspace/code-generation/mongodb-performance-monitor-210576-210585/performance_monitor_frontend/src/lib/config.js", "pattern": "/^  apiBaseUrl: resolvedApiBase,$/", "language": "JavaScript", "kind": "property", "scope": "config", "scopeKind": "class"}, {"_type": "tag", "name": "config", "path": "/home/kavia/workspace/code-generation/mongodb-performance-monitor-210576-210585/performance_monitor_frontend/src/lib/config.js", "pattern": "/^export const config = {$/", "language": "JavaScript", "kind": "class"}, {"_type": "tag", "name": "flags", "path": "/home/kavia/workspace/code-generation/mongodb-performance-monitor-210576-210585/performance_monitor_frontend/src/lib/config.js", "pattern": "/^  flags,$/", "language": "JavaScript", "kind": "field", "scope": "config", "scopeKind": "class"}, {"_type": "tag", "name": "getBooleanFlag", "path": "/home/kavia/workspace/code-generation/mongodb-performance-monitor-210576-210585/performance_monitor_frontend/src/lib/config.js", "pattern": "/^export function getBooleanFlag(key, fallback = false) {$/", "language": "JavaScript", "kind": "function", "signature": "(key, fallback = false)"}, {"_type": "tag", "name": "getEnumFlag", "path": "/home/kavia/workspace/code-generation/mongodb-performance-monitor-210576-210585/performance_monitor_frontend/src/lib/config.js", "pattern": "/^export function getEnumFlag(key, allowed, fallback) {$/", "language": "JavaScript", "kind": "function", "signature": "(key, allowed, fallback)"}, {"_type": "tag", "name": "getFlag", "path": "/home/kavia/workspace/code-generation/mongodb-performance-monitor-210576-210585/performance_monitor_frontend/src/lib/config.js", "pattern": "/^export function getFlag(key, fallback = undefined) {$/", "language": "JavaScript", "kind": "function", "signature": "(key, fallback = undefined)"}, {"_type": "tag", "name": "normalizeBaseUrl", "path": "/home/kavia/workspace/code-generation/mongodb-performance-monitor-210576-210585/performance_monitor_frontend/src/lib/config.js", "pattern": "/^function normalizeBaseUrl(url) {$/", "language": "JavaScript", "kind": "function", "signature": "(url)"}, {"_type": "tag", "name": "parseFlags", "path": "/home/kavia/workspace/code-generation/mongodb-performance-monitor-210576-210585/performance_monitor_frontend/src/lib/config.js", "pattern": "/^function parseFlags(raw) {$/", "language": "JavaScript", "kind": "function", "signature": "(raw)"}, {"_type": "tag", "name": "wsUrl", "path": "/home/kavia/workspace/code-generation/mongodb-performance-monitor-210576-210585/performance_monitor_frontend/src/lib/config.js", "pattern": "/^  wsUrl: resolvedWs,$/", "language": "JavaScript", "kind": "property", "scope": "config", "scopeKind": "class"}], "hash": "71f2e6111fa80b6d560ae2b88e5f6fbc", "format-version": 4, "code-base-name": "performance_monitor_frontend", "filename": "performance_monitor_frontend/src/lib/config.js", "fields": [{"name": "apiBaseUrl: resolvedApiBase,", "scope": "config", "scopeKind": "class", "description": "unavailable"}, {"name": "flags,", "scope": "config", "scopeKind": "class", "description": "unavailable"}, {"name": "wsUrl: resolvedWs,", "scope": "config", "scopeKind": "class", "description": "unavailable"}]}