{"is_source_file": true, "format": "JavaScript", "description": "The file defines a React component 'DashboardPage' which renders a performance monitoring dashboard for MongoDB. It includes metric widgets, line charts for series data, and a troubleshooting panel. Contains utility functions for formatting and date handling, and references external services and components.", "external_files": ["../components/EmptyState", "../lib/config", "../lib/metricsService", "../lib/wsHooks"], "external_methods": ["tryHealthCheck", "getMetricsSnapshot", "getMetricsTimeseries", "useWebSocketConnection"], "published": ["DashboardPage"], "classes": [], "methods": [{"name": "formatCompact(n)", "description": "Formats a number into a compact string with suffixes like B, M, K.", "scope": "", "scopeKind": ""}, {"name": "formatNumber(n, { maxFrac = 0 } = {})", "description": "Formats a number with locale-aware formatting, with optional max fraction digits.", "scope": "", "scopeKind": ""}, {"name": "formatRangeLabel(from, to, rangeKey)", "description": "Generates a human-readable label for a time range given start and end ISO strings, and range key.", "scope": "", "scopeKind": ""}, {"name": "computeRangeFromKey(rangeKey)", "description": "Returns from/to ISO strings based on a predefined range key (e.g., '15m', '1h').", "scope": "", "scopeKind": ""}, {"name": "formatTimeTick(iso, rangeKey)", "description": "Formats ISO date strings into more readable time labels based on range key.", "scope": "", "scopeKind": ""}, {"name": "tooltipLabel(iso)", "description": "Converts ISO string to localized date-time string for tooltip labels.", "scope": "", "scopeKind": ""}, {"name": "normalizeSeries(raw)", "description": "Normalizes raw series data into a common format used by charts.", "scope": "", "scopeKind": ""}, {"name": "ChartCard({ title, subtitle, children, status, error, emptyTitle, emptyDescription, rightSlot })", "scope": "", "scopeKind": "", "description": "unavailable"}, {"name": "DashboardPage()", "scope": "", "scopeKind": "", "description": "unavailable"}, {"name": "MetricWidget({ label, value, unit, hint, tone = \"default\", loading = false })", "scope": "", "scopeKind": "", "description": "unavailable"}, {"name": "run()", "scope": "DashboardPage", "scopeKind": "function", "description": "unavailable"}], "calls": ["tryHealthCheck", "getMetricsSnapshot", "getMetricsTimeseries"], "search-terms": ["DashboardPage", "metricsService", "LineChart", "recharts", "performance_monitor_frontend", "MongoDB Performance Overview", "MetricWidget", "connections", "opsPerSec", "slowOpsPerMin", "ResponsiveContainer", "LineChart", "useWebSocketConnection"], "state": 2, "file_id": 13, "knowledge_revision": 102, "git_revision": "5fc592744ca60480256b06c8d3aa0bf420f0a32b", "revision_history": [{"36": "fbcf61c93eb93ad064f04b92cb68e0c0d7d0f8d6"}, {"44": "72706ee959655bdd99d86a801e73c524606a1f74"}, {"59": "72706ee959655bdd99d86a801e73c524606a1f74"}, {"63": "ab71f8e42eaa8f29a171398ec65b85064caa1d75"}, {"102": "5fc592744ca60480256b06c8d3aa0bf420f0a32b"}], "ctags": [{"_type": "tag", "name": "15m", "path": "/home/kavia/workspace/code-generation/mongodb-performance-monitor-210576-210585/performance_monitor_frontend/src/pages/DashboardPage.js", "pattern": "/^    \"15m\": 15 * 60 * 1000,$/", "language": "JavaScript", "kind": "property", "scope": "computeRangeFromKey.ms", "scopeKind": "class"}, {"_type": "tag", "name": "15m", "path": "/home/kavia/workspace/code-generation/mongodb-performance-monitor-210576-210585/performance_monitor_frontend/src/pages/DashboardPage.js", "pattern": "/^    \"15m\": \"Last 15 minutes\",$/", "language": "JavaScript", "kind": "property", "scope": "formatRangeLabel.map", "scopeKind": "class"}, {"_type": "tag", "name": "1h", "path": "/home/kavia/workspace/code-generation/mongodb-performance-monitor-210576-210585/performance_monitor_frontend/src/pages/DashboardPage.js", "pattern": "/^    \"1h\": 60 * 60 * 1000,$/", "language": "JavaScript", "kind": "property", "scope": "computeRangeFromKey.ms", "scopeKind": "class"}, {"_type": "tag", "name": "1h", "path": "/home/kavia/workspace/code-generation/mongodb-performance-monitor-210576-210585/performance_monitor_frontend/src/pages/DashboardPage.js", "pattern": "/^    \"1h\": \"Last hour\",$/", "language": "JavaScript", "kind": "property", "scope": "formatRangeLabel.map", "scopeKind": "class"}, {"_type": "tag", "name": "24h", "path": "/home/kavia/workspace/code-generation/mongodb-performance-monitor-210576-210585/performance_monitor_frontend/src/pages/DashboardPage.js", "pattern": "/^    \"24h\": 24 * 60 * 60 * 1000,$/", "language": "JavaScript", "kind": "property", "scope": "computeRangeFromKey.ms", "scopeKind": "class"}, {"_type": "tag", "name": "24h", "path": "/home/kavia/workspace/code-generation/mongodb-performance-monitor-210576-210585/performance_monitor_frontend/src/pages/DashboardPage.js", "pattern": "/^    \"24h\": \"Last 24 hours\",$/", "language": "JavaScript", "kind": "property", "scope": "formatRangeLabel.map", "scopeKind": "class"}, {"_type": "tag", "name": "6h", "path": "/home/kavia/workspace/code-generation/mongodb-performance-monitor-210576-210585/performance_monitor_frontend/src/pages/DashboardPage.js", "pattern": "/^    \"6h\": 6 * 60 * 60 * 1000,$/", "language": "JavaScript", "kind": "property", "scope": "computeRangeFromKey.ms", "scopeKind": "class"}, {"_type": "tag", "name": "6h", "path": "/home/kavia/workspace/code-generation/mongodb-performance-monitor-210576-210585/performance_monitor_frontend/src/pages/DashboardPage.js", "pattern": "/^    \"6h\": \"Last 6 hours\",$/", "language": "JavaScript", "kind": "property", "scope": "formatRangeLabel.map", "scopeKind": "class"}, {"_type": "tag", "name": "7d", "path": "/home/kavia/workspace/code-generation/mongodb-performance-monitor-210576-210585/performance_monitor_frontend/src/pages/DashboardPage.js", "pattern": "/^    \"7d\": 7 * 24 * 60 * 60 * 1000,$/", "language": "JavaScript", "kind": "property", "scope": "computeRangeFromKey.ms", "scopeKind": "class"}, {"_type": "tag", "name": "7d", "path": "/home/kavia/workspace/code-generation/mongodb-performance-monitor-210576-210585/performance_monitor_frontend/src/pages/DashboardPage.js", "pattern": "/^    \"7d\": \"Last 7 days\",$/", "language": "JavaScript", "kind": "property", "scope": "formatRangeLabel.map", "scopeKind": "class"}, {"_type": "tag", "name": "ChartCard", "path": "/home/kavia/workspace/code-generation/mongodb-performance-monitor-210576-210585/performance_monitor_frontend/src/pages/DashboardPage.js", "pattern": "/^function ChartCard({ title, subtitle, children, status, error, emptyTitle, emptyDescription, rig/", "language": "JavaScript", "kind": "function", "signature": "({ title, subtitle, children, status, error, emptyTitle, emptyDescription, rightSlot })"}, {"_type": "tag", "name": "DashboardPage", "path": "/home/kavia/workspace/code-generation/mongodb-performance-monitor-210576-210585/performance_monitor_frontend/src/pages/DashboardPage.js", "pattern": "/^export default function DashboardPage() {$/", "language": "JavaScript", "kind": "function", "signature": "()"}, {"_type": "tag", "name": "MetricWidget", "path": "/home/kavia/workspace/code-generation/mongodb-performance-monitor-210576-210585/performance_monitor_frontend/src/pages/DashboardPage.js", "pattern": "/^function MetricWidget({ label, value, unit, hint, tone = \"default\", loading = false }) {$/", "language": "JavaScript", "kind": "function", "signature": "({ label, value, unit, hint, tone = \"default\", loading = false })"}, {"_type": "tag", "name": "computeRangeFromKey", "path": "/home/kavia/workspace/code-generation/mongodb-performance-monitor-210576-210585/performance_monitor_frontend/src/pages/DashboardPage.js", "pattern": "/^function computeRangeFromKey(rangeKey) {$/", "language": "JavaScript", "kind": "function", "signature": "(rangeKey)"}, {"_type": "tag", "name": "connectionsValue", "path": "/home/kavia/workspace/code-generation/mongodb-performance-monitor-210576-210585/performance_monitor_frontend/src/pages/DashboardPage.js", "pattern": "/^            value={connectionsValue}$/", "language": "JavaScript", "kind": "field", "scope": "value", "scopeKind": "class"}, {"_type": "tag", "name": "formatCompact", "path": "/home/kavia/workspace/code-generation/mongodb-performance-monitor-210576-210585/performance_monitor_frontend/src/pages/DashboardPage.js", "pattern": "/^function formatCompact(n) {$/", "language": "JavaScript", "kind": "function", "signature": "(n)"}, {"_type": "tag", "name": "formatNumber", "path": "/home/kavia/workspace/code-generation/mongodb-performance-monitor-210576-210585/performance_monitor_frontend/src/pages/DashboardPage.js", "pattern": "/^function formatNumber(n, { maxFrac = 0 } = {}) {$/", "language": "JavaScript", "kind": "function", "signature": "(n, { maxFrac = 0 } = {})"}, {"_type": "tag", "name": "formatRangeLabel", "path": "/home/kavia/workspace/code-generation/mongodb-performance-monitor-210576-210585/performance_monitor_frontend/src/pages/DashboardPage.js", "pattern": "/^function formatRangeLabel(from, to, rangeKey) {$/", "language": "JavaScript", "kind": "function", "signature": "(from, to, rangeKey)"}, {"_type": "tag", "name": "formatTimeTick", "path": "/home/kavia/workspace/code-generation/mongodb-performance-monitor-210576-210585/performance_monitor_frontend/src/pages/DashboardPage.js", "pattern": "/^function formatTimeTick(iso, rangeKey) {$/", "language": "JavaScript", "kind": "function", "signature": "(iso, rangeKey)"}, {"_type": "tag", "name": "map", "path": "/home/kavia/workspace/code-generation/mongodb-performance-monitor-210576-210585/performance_monitor_frontend/src/pages/DashboardPage.js", "pattern": "/^  const map = {$/", "language": "JavaScript", "kind": "class", "scope": "formatRangeLabel", "scopeKind": "class"}, {"_type": "tag", "name": "metrics", "path": "/home/kavia/workspace/code-generation/mongodb-performance-monitor-210576-210585/performance_monitor_frontend/src/pages/DashboardPage.js", "pattern": "/^            disabled={metrics.status === \"loading\"}$/", "language": "JavaScript", "kind": "field", "scope": "DashboardPage.disabled", "scopeKind": "class"}, {"_type": "tag", "name": "metrics", "path": "/home/kavia/workspace/code-generation/mongodb-performance-monitor-210576-210585/performance_monitor_frontend/src/pages/DashboardPage.js", "pattern": "/^            error={metrics.error}$/", "language": "JavaScript", "kind": "field", "scope": "error", "scopeKind": "class"}, {"_type": "tag", "name": "metrics", "path": "/home/kavia/workspace/code-generation/mongodb-performance-monitor-210576-210585/performance_monitor_frontend/src/pages/DashboardPage.js", "pattern": "/^            loading={metrics.status === \"loading\"}$/", "language": "JavaScript", "kind": "field", "scope": "loading", "scopeKind": "class"}, {"_type": "tag", "name": "metrics", "path": "/home/kavia/workspace/code-generation/mongodb-performance-monitor-210576-210585/performance_monitor_frontend/src/pages/DashboardPage.js", "pattern": "/^            status={metrics.status}$/", "language": "JavaScript", "kind": "field", "scope": "status", "scopeKind": "class"}, {"_type": "tag", "name": "ms", "path": "/home/kavia/workspace/code-generation/mongodb-performance-monitor-210576-210585/performance_monitor_frontend/src/pages/DashboardPage.js", "pattern": "/^  const ms = {$/", "language": "JavaScript", "kind": "class", "scope": "computeRangeFromKey", "scopeKind": "class"}, {"_type": "tag", "name": "normalizeSeries", "path": "/home/kavia/workspace/code-generation/mongodb-performance-monitor-210576-210585/performance_monitor_frontend/src/pages/DashboardPage.js", "pattern": "/^function normalizeSeries(raw) {$/", "language": "JavaScript", "kind": "function", "signature": "(raw)"}, {"_type": "tag", "name": "opsValue", "path": "/home/kavia/workspace/code-generation/mongodb-performance-monitor-210576-210585/performance_monitor_frontend/src/pages/DashboardPage.js", "pattern": "/^            value={opsValue}$/", "language": "JavaScript", "kind": "field", "scope": "value", "scopeKind": "class"}, {"_type": "tag", "name": "rangeLabel", "path": "/home/kavia/workspace/code-generation/mongodb-performance-monitor-210576-210585/performance_monitor_frontend/src/pages/DashboardPage.js", "pattern": "/^            subtitle={rangeLabel}$/", "language": "JavaScript", "kind": "field", "scope": "subtitle", "scopeKind": "class"}, {"_type": "tag", "name": "run", "path": "/home/kavia/workspace/code-generation/mongodb-performance-monitor-210576-210585/performance_monitor_frontend/src/pages/DashboardPage.js", "pattern": "/^    async function run() {$/", "language": "JavaScript", "kind": "function", "signature": "()", "scope": "DashboardPage", "scopeKind": "function"}, {"_type": "tag", "name": "slowPerMinValue", "path": "/home/kavia/workspace/code-generation/mongodb-performance-monitor-210576-210585/performance_monitor_frontend/src/pages/DashboardPage.js", "pattern": "/^            value={slowPerMinValue}$/", "language": "JavaScript", "kind": "field", "scope": "value", "scopeKind": "class"}, {"_type": "tag", "name": "slowTone", "path": "/home/kavia/workspace/code-generation/mongodb-performance-monitor-210576-210585/performance_monitor_frontend/src/pages/DashboardPage.js", "pattern": "/^            tone={slowTone}$/", "language": "JavaScript", "kind": "field", "scope": "tone", "scopeKind": "class"}, {"_type": "tag", "name": "tooltipLabel", "path": "/home/kavia/workspace/code-generation/mongodb-performance-monitor-210576-210585/performance_monitor_frontend/src/pages/DashboardPage.js", "pattern": "/^function tooltipLabel(iso) {$/", "language": "JavaScript", "kind": "function", "signature": "(iso)"}], "hash": "9a9ecd5e144dd2d00887afd98335f103", "format-version": 4, "code-base-name": "performance_monitor_frontend", "filename": "performance_monitor_frontend/src/pages/DashboardPage.js", "fields": [{"name": "\"15m\": 15 * 60 * 1000,", "scope": "computeRangeFromKey.ms", "scopeKind": "class", "description": "unavailable"}, {"name": "\"15m\": \"Last 15 minutes\",", "scope": "formatRangeLabel.map", "scopeKind": "class", "description": "unavailable"}, {"name": "\"1h\": 60 * 60 * 1000,", "scope": "computeRangeFromKey.ms", "scopeKind": "class", "description": "unavailable"}, {"name": "\"1h\": \"Last hour\",", "scope": "formatRangeLabel.map", "scopeKind": "class", "description": "unavailable"}, {"name": "\"24h\": 24 * 60 * 60 * 1000,", "scope": "computeRangeFromKey.ms", "scopeKind": "class", "description": "unavailable"}, {"name": "\"24h\": \"Last 24 hours\",", "scope": "formatRangeLabel.map", "scopeKind": "class", "description": "unavailable"}, {"name": "\"6h\": 6 * 60 * 60 * 1000,", "scope": "computeRangeFromKey.ms", "scopeKind": "class", "description": "unavailable"}, {"name": "\"6h\": \"Last 6 hours\",", "scope": "formatRangeLabel.map", "scopeKind": "class", "description": "unavailable"}, {"name": "\"7d\": 7 * 24 * 60 * 60 * 1000,", "scope": "computeRangeFromKey.ms", "scopeKind": "class", "description": "unavailable"}, {"name": "\"7d\": \"Last 7 days\",", "scope": "formatRangeLabel.map", "scopeKind": "class", "description": "unavailable"}, {"name": "value={connectionsValue}", "scope": "value", "scopeKind": "class", "description": "unavailable"}, {"name": "disabled={metrics.status === \"loading\"}", "scope": "DashboardPage.disabled", "scopeKind": "class", "description": "unavailable"}, {"name": "error={metrics.error}", "scope": "error", "scopeKind": "class", "description": "unavailable"}, {"name": "loading={metrics.status === \"loading\"}", "scope": "loading", "scopeKind": "class", "description": "unavailable"}, {"name": "status={metrics.status}", "scope": "status", "scopeKind": "class", "description": "unavailable"}, {"name": "value={opsValue}", "scope": "value", "scopeKind": "class", "description": "unavailable"}, {"name": "subtitle={rangeLabel}", "scope": "subtitle", "scopeKind": "class", "description": "unavailable"}, {"name": "value={slowPerMinValue}", "scope": "value", "scopeKind": "class", "description": "unavailable"}, {"name": "tone={slowTone}", "scope": "tone", "scopeKind": "class", "description": "unavailable"}]}