{"is_source_file": true, "format": "JavaScript", "description": "This is a React component file defining a SettingsPage component that renders a placeholder UI for application settings.", "external_files": ["react"], "external_methods": [], "published": ["default"], "classes": [], "methods": [{"name": "SettingsPage()", "description": "React functional component rendering a placeholder settings page.", "scope": "", "scopeKind": ""}], "calls": ["React"], "search-terms": ["SettingsPage", "React", "placeholder", "settings page", "frontend"], "state": 2, "file_id": 16, "knowledge_revision": 39, "git_revision": "fbcf61c93eb93ad064f04b92cb68e0c0d7d0f8d6", "ctags": [{"_type": "tag", "name": "SettingsPage", "path": "/home/kavia/workspace/code-generation/mongodb-performance-monitor-210576-210585/performance_monitor_frontend/src/pages/SettingsPage.js", "pattern": "/^export default function SettingsPage() {$/", "language": "JavaScript", "kind": "function", "signature": "()"}], "hash": "075011171f89c2537f8498abec9e7b16", "format-version": 4, "code-base-name": "performance_monitor_frontend", "filename": "performance_monitor_frontend/src/pages/SettingsPage.js", "revision_history": [{"39": "fbcf61c93eb93ad064f04b92cb68e0c0d7d0f8d6"}]}