{"is_source_file": false, "format": "", "description": "", "external_files": [], "external_methods": [], "published": [], "classes": [], "methods": [], "calls": [], "search-terms": [], "state": 2, "file_id": 2, "knowledge_revision": 17, "git_revision": "017b6604f2830b91fcc32bbacda917d29b057046", "hash": "ebece526bc2eadd78ddd787a76c56607", "format-version": 4, "code-base-name": "performance_monitor_frontend", "filename": "performance_monitor_frontend/README.md", "revision_history": [{"17": "017b6604f2830b91fcc32bbacda917d29b057046"}]}