{"is_source_file": true, "file_id": 21, "git_revision": "", "state": 1, "description": "", "external_files": [], "external_methods": [], "published": [], "classes": [], "methods": [], "calls": [], "search-terms": [], "ctags": [{"_type": "tag", "name": "Modal", "path": "/home/kavia/workspace/code-generation/mongodb-performance-monitor-210576-210585/performance_monitor_frontend/src/components/Modal.js", "pattern": "/^export default function Modal({ title, children, isOpen, onClose, footer }) {$/", "language": "JavaScript", "kind": "function", "signature": "({ title, children, isOpen, onClose, footer })"}, {"_type": "tag", "name": "onKeyDown", "path": "/home/kavia/workspace/code-generation/mongodb-performance-monitor-210576-210585/performance_monitor_frontend/src/components/Modal.js", "pattern": "/^    function onKeyDown(e) {$/", "language": "JavaScript", "kind": "function", "signature": "(e)", "scope": "Modal", "scopeKind": "function"}, {"_type": "tag", "name": "title", "path": "/home/kavia/workspace/code-generation/mongodb-performance-monitor-210576-210585/performance_monitor_frontend/src/components/Modal.js", "pattern": "/^        aria-label={title || \"Dialog\"}$/", "language": "JavaScript", "kind": "field", "scope": "Modal.aria", "scopeKind": "class"}], "format": "JavaScript", "hash": "74234112d2a79b5abdf20fa562f8e0d2", "format-version": 4, "code-base-name": "performance_monitor_frontend", "filename": "performance_monitor_frontend/src/components/Modal.js", "knowledge_revision": 47}