{"is_source_file": false, "format": "", "description": "", "external_files": [], "external_methods": [], "published": [], "classes": [], "methods": [], "calls": [], "search-terms": [], "state": 2, "file_id": 11, "knowledge_revision": 23, "git_revision": "017b6604f2830b91fcc32bbacda917d29b057046", "hash": "d2b40d02d5f7873d8a6713bad837edd4", "format-version": 4, "code-base-name": "performance_monitor_frontend", "filename": "performance_monitor_frontend/public/index.html", "revision_history": [{"23": "017b6604f2830b91fcc32bbacda917d29b057046"}]}