{"is_source_file": true, "format": "JavaScript (React)", "description": "React functional component 'EmptyState' that renders a styled empty state UI element, used across list pages.", "external_files": ["react"], "external_methods": [], "published": [], "classes": [], "methods": [{"name": "EmptyState({ title = \"Nothing here yet\", description, action })", "description": "React functional component rendering an empty state panel with customizable title, description, and action.", "scope": "", "scopeKind": ""}], "calls": ["React"], "search-terms": ["EmptyState", "react component", "empty state", "performance monitor", "frontend"], "state": 2, "file_id": 36, "knowledge_revision": 94, "git_revision": "1bef545b8af6e130a0cb95663ccbdf5e7f14e2ba", "ctags": [{"_type": "tag", "name": "EmptyState", "path": "/home/kavia/workspace/code-generation/mongodb-performance-monitor-210576-210585/performance_monitor_frontend/src/components/EmptyState.js", "pattern": "/^export default function EmptyState({ title = \"Nothing here yet\", description, action }) {$/", "language": "JavaScript", "kind": "function", "signature": "({ title = \"Nothing here yet\", description, action })"}], "hash": "f5c87aa146dafca494714ae88b5b3931", "format-version": 4, "code-base-name": "performance_monitor_frontend", "filename": "performance_monitor_frontend/src/components/EmptyState.js", "revision_history": [{"94": "1bef545b8af6e130a0cb95663ccbdf5e7f14e2ba"}]}