{"is_source_file": true, "format": "JavaScript", "description": "This file defines a React functional component named RecommendationsPage, which renders a placeholder UI for recommendations related to database performance tuning and best practices.", "external_files": ["react"], "external_methods": [], "published": ["RecommendationsPage"], "classes": [], "methods": [{"name": "RecommendationsPage()", "description": "React functional component rendering the recommendations placeholder page.", "scope": "", "scopeKind": ""}], "calls": [], "search-terms": ["RecommendationsPage", "React", "recommendations", "performance", "UI", "placeholder"], "state": 2, "file_id": 15, "knowledge_revision": 38, "git_revision": "fbcf61c93eb93ad064f04b92cb68e0c0d7d0f8d6", "ctags": [{"_type": "tag", "name": "RecommendationsPage", "path": "/home/kavia/workspace/code-generation/mongodb-performance-monitor-210576-210585/performance_monitor_frontend/src/pages/RecommendationsPage.js", "pattern": "/^export default function RecommendationsPage() {$/", "language": "JavaScript", "kind": "function", "signature": "()"}], "hash": "1797905f1cc8c7ccd90081ca56971cf2", "format-version": 4, "code-base-name": "performance_monitor_frontend", "filename": "performance_monitor_frontend/src/pages/RecommendationsPage.js", "revision_history": [{"38": "fbcf61c93eb93ad064f04b92cb68e0c0d7d0f8d6"}]}