{"is_source_file": false, "format": "", "description": "", "external_files": [], "external_methods": [], "published": [], "classes": [], "methods": [], "calls": [], "search-terms": [], "state": 2, "file_id": 12, "knowledge_revision": 130, "git_revision": "ab71f8e42eaa8f29a171398ec65b85064caa1d75", "revision_history": [{"56": "fbcf61c93eb93ad064f04b92cb68e0c0d7d0f8d6"}, {"113": "ab71f8e42eaa8f29a171398ec65b85064caa1d75"}, {"130": "ab71f8e42eaa8f29a171398ec65b85064caa1d75"}], "hash": "88920cd9042eb741c06362c083603be3", "format-version": 4, "code-base-name": "performance_monitor_frontend", "filename": "performance_monitor_frontend/package.json"}