{"is_source_file": true, "file_id": 19, "git_revision": "", "state": 1, "description": "", "external_files": [], "external_methods": [], "published": [], "classes": [], "methods": [], "calls": [], "search-terms": [], "ctags": [{"_type": "tag", "name": "Accept", "path": "/home/kavia/workspace/code-generation/mongodb-performance-monitor-210576-210585/performance_monitor_frontend/src/lib/api.js", "pattern": "/^    Accept: \"application\\/json\",$/", "language": "JavaScript", "kind": "property", "scope": "request.headers", "scopeKind": "class"}, {"_type": "tag", "name": "buildUrl", "path": "/home/kavia/workspace/code-generation/mongodb-performance-monitor-210576-210585/performance_monitor_frontend/src/lib/api.js", "pattern": "/^function buildUrl(path) {$/", "language": "JavaScript", "kind": "function", "signature": "(path)"}, {"_type": "tag", "name": "createHttpError", "path": "/home/kavia/workspace/code-generation/mongodb-performance-monitor-210576-210585/performance_monitor_frontend/src/lib/api.js", "pattern": "/^function createHttpError(response, bodyText) {$/", "language": "JavaScript", "kind": "function", "signature": "(response, bodyText)"}, {"_type": "tag", "name": "del", "path": "/home/kavia/workspace/code-generation/mongodb-performance-monitor-210576-210585/performance_monitor_frontend/src/lib/api.js", "pattern": "/^export async function del(path, options) {$/", "language": "JavaScript", "kind": "function", "signature": "(path, options)"}, {"_type": "tag", "name": "headers", "path": "/home/kavia/workspace/code-generation/mongodb-performance-monitor-210576-210585/performance_monitor_frontend/src/lib/api.js", "pattern": "/^  const headers = {$/", "language": "JavaScript", "kind": "class", "scope": "request", "scopeKind": "class"}, {"_type": "tag", "name": "post", "path": "/home/kavia/workspace/code-generation/mongodb-performance-monitor-210576-210585/performance_monitor_frontend/src/lib/api.js", "pattern": "/^export async function post(path, body, options = {}) {$/", "language": "JavaScript", "kind": "function", "signature": "(path, body, options = {})"}, {"_type": "tag", "name": "put", "path": "/home/kavia/workspace/code-generation/mongodb-performance-monitor-210576-210585/performance_monitor_frontend/src/lib/api.js", "pattern": "/^export async function put(path, body, options = {}) {$/", "language": "JavaScript", "kind": "function", "signature": "(path, body, options = {})"}, {"_type": "tag", "name": "request", "path": "/home/kavia/workspace/code-generation/mongodb-performance-monitor-210576-210585/performance_monitor_frontend/src/lib/api.js", "pattern": "/^async function request(method, path, options = {}) {$/", "language": "JavaScript", "kind": "function", "signature": "(method, path, options = {})"}], "format": "JavaScript", "hash": "2b71cdc72c6801c8d4e745236d87d780", "format-version": 4, "code-base-name": "performance_monitor_frontend", "filename": "performance_monitor_frontend/src/lib/api.js", "knowledge_revision": 43}