{"is_source_file": true, "format": "JavaScript", "description": "This file provides a client-side service module to interact with alert-related backend API endpoints. It includes functions to list, create, update, delete, and enable/disable alert rules, as well as list alert events, with internal utility functions to handle request attempts and response normalization.", "external_files": ["./apiClient"], "external_methods": ["apiRequest", "apiTryRequest"], "published": ["listAlertRules", "createAlertRule", "updateAlertRule", "deleteAlertRule", "setAlertRuleEnabled", "listAlertEvents"], "classes": [], "methods": [{"name": "tryMany({ method, path, query, body })", "description": "Attempts an API request across multiple prefix routes until one succeeds or all fail.", "scope": "", "scopeKind": ""}, {"name": "normalizeListResponse(data)", "description": "Normalizes various possible formats of response data into a standard item list.", "scope": "", "scopeKind": ""}, {"name": "listAlertRules({ instanceId } = {})", "description": "Fetches a list of alert rules, optionally filtered by instanceId.", "scope": "", "scopeKind": ""}, {"name": "createAlertRule(payload)", "description": "Creates a new alert rule with given payload.", "scope": "", "scopeKind": ""}, {"name": "updateAlertRule(ruleId, patch)", "description": "Updates an existing alert rule identified by ruleId with specified changes.", "scope": "", "scopeKind": ""}, {"name": "deleteAlertRule(ruleId)", "description": "Deletes an alert rule identified by ruleId.", "scope": "", "scopeKind": ""}, {"name": "setAlertRuleEnabled(ruleId, enabled)", "description": "Enables or disables an alert rule by updating its 'enabled' property.", "scope": "", "scopeKind": ""}, {"name": "listAlertEvents({ instanceId, status,  severity,  since,  until, q,  cursor, limit = 20, } = {})", "description": "Fetches a list of alert events, with support for filtering and pagination.", "scope": "", "scopeKind": ""}], "calls": ["apiTryRequest", "normalizeListResponse", "updateAlertRule"], "search-terms": ["alertsService", "alert rules", "alert events", "apiClient", "tryMany", "normalizeListResponse", "listAlertRules", "createAlertRule", "updateAlertRule", "deleteAlertRule", "setAlertRuleEnabled", "listAlertEvents"], "state": 2, "file_id": 39, "knowledge_revision": 97, "git_revision": "", "ctags": [{"_type": "tag", "name": "createAlertRule", "path": "/home/kavia/workspace/code-generation/mongodb-performance-monitor-210576-210585/performance_monitor_frontend/src/lib/alertsService.js", "pattern": "/^export async function createAlertRule(payload) {$/", "language": "JavaScript", "kind": "function", "signature": "(payload)"}, {"_type": "tag", "name": "deleteAlertRule", "path": "/home/kavia/workspace/code-generation/mongodb-performance-monitor-210576-210585/performance_monitor_frontend/src/lib/alertsService.js", "pattern": "/^export async function deleteAlertRule(ruleId) {$/", "language": "JavaScript", "kind": "function", "signature": "(ruleId)"}, {"_type": "tag", "name": "listAlertEvents", "path": "/home/kavia/workspace/code-generation/mongodb-performance-monitor-210576-210585/performance_monitor_frontend/src/lib/alertsService.js", "pattern": "/^export async function listAlertEvents({$/", "language": "JavaScript", "kind": "function", "signature": "({ instanceId, status,  severity,  since,  until, q,  cursor, limit = 20, } = {})"}, {"_type": "tag", "name": "listAlertRules", "path": "/home/kavia/workspace/code-generation/mongodb-performance-monitor-210576-210585/performance_monitor_frontend/src/lib/alertsService.js", "pattern": "/^export async function listAlertRules({ instanceId } = {}) {$/", "language": "JavaScript", "kind": "function", "signature": "({ instanceId } = {})"}, {"_type": "tag", "name": "normalizeListResponse", "path": "/home/kavia/workspace/code-generation/mongodb-performance-monitor-210576-210585/performance_monitor_frontend/src/lib/alertsService.js", "pattern": "/^function normalizeListResponse(data) {$/", "language": "JavaScript", "kind": "function", "signature": "(data)"}, {"_type": "tag", "name": "prefixes", "path": "/home/kavia/workspace/code-generation/mongodb-performance-monitor-210576-210585/performance_monitor_frontend/src/lib/alertsService.js", "pattern": "/^const prefixes = [\"\", \"\\/api\"];$/", "language": "JavaScript", "kind": "constant"}, {"_type": "tag", "name": "setAlertRuleEnabled", "path": "/home/kavia/workspace/code-generation/mongodb-performance-monitor-210576-210585/performance_monitor_frontend/src/lib/alertsService.js", "pattern": "/^export async function setAlertRuleEnabled(ruleId, enabled) {$/", "language": "JavaScript", "kind": "function", "signature": "(ruleId, enabled)"}, {"_type": "tag", "name": "tryMany", "path": "/home/kavia/workspace/code-generation/mongodb-performance-monitor-210576-210585/performance_monitor_frontend/src/lib/alertsService.js", "pattern": "/^async function tryMany({ method, path, query, body }) {$/", "language": "JavaScript", "kind": "function", "signature": "({ method, path, query, body })"}, {"_type": "tag", "name": "updateAlertRule", "path": "/home/kavia/workspace/code-generation/mongodb-performance-monitor-210576-210585/performance_monitor_frontend/src/lib/alertsService.js", "pattern": "/^export async function updateAlertRule(ruleId, patch) {$/", "language": "JavaScript", "kind": "function", "signature": "(ruleId, patch)"}], "hash": "9711393249a48edeed99b0a3f853983e", "format-version": 4, "code-base-name": "performance_monitor_frontend", "filename": "performance_monitor_frontend/src/lib/alertsService.js", "revision_history": [{"97": ""}]}