{"is_source_file": true, "format": "JavaScript (React component)", "description": "This file defines a React functional component named InlineError, used for displaying inline error messages with optional retry functionality and offline state handling.", "external_files": ["./EmptyState"], "external_methods": [], "published": ["InlineError"], "classes": [], "methods": [{"name": "InlineError({ title = \"Something went wrong\", message, onRetry, retryLabel = \"Retry\", disabled = false, offline = false, variant = \"alert\", })", "description": "React functional component that renders an inline error alert with optional retry button and offline message.", "scope": "", "scopeKind": ""}], "calls": ["React", "EmptyState"], "search-terms": ["InlineError", "React functional component", "error display", "retry button", "offline message"], "state": 2, "file_id": 43, "knowledge_revision": 112, "git_revision": "b50f6f74535be264d592cc6cf22f4ad71654019f", "ctags": [{"_type": "tag", "name": "InlineError", "path": "/home/kavia/workspace/code-generation/mongodb-performance-monitor-210576-210585/performance_monitor_frontend/src/components/InlineError.js", "pattern": "/^export default function InlineError({$/", "language": "JavaScript", "kind": "function", "signature": "({ title = \"Something went wrong\", message, onRetry, retryLabel = \"Retry\", disabled = false, offline = false, variant = \"alert\", })"}, {"_type": "tag", "name": "body", "path": "/home/kavia/workspace/code-generation/mongodb-performance-monitor-210576-210585/performance_monitor_frontend/src/components/InlineError.js", "pattern": "/^          description={body}$/", "language": "JavaScript", "kind": "field", "scope": "InlineError.description", "scopeKind": "class"}, {"_type": "tag", "name": "offline", "path": "/home/kavia/workspace/code-generation/mongodb-performance-monitor-210576-210585/performance_monitor_frontend/src/components/InlineError.js", "pattern": "/^          title={offline ? \"Offline\" : title}$/", "language": "JavaScript", "kind": "field", "scope": "InlineError.title", "scopeKind": "class"}, {"_type": "tag", "name": "onRetry", "path": "/home/kavia/workspace/code-generation/mongodb-performance-monitor-210576-210585/performance_monitor_frontend/src/components/InlineError.js", "pattern": "/^            onRetry ? ($/", "language": "JavaScript", "kind": "field", "scope": "InlineError.action", "scopeKind": "class"}], "hash": "d4a4d0b9c52862342775738939293ea5", "format-version": 4, "code-base-name": "performance_monitor_frontend", "filename": "performance_monitor_frontend/src/components/InlineError.js", "fields": [{"name": "description={body}", "scope": "InlineError.description", "scopeKind": "class", "description": "unavailable"}, {"name": "title={offline ? \"Offline\" : title}", "scope": "InlineError.title", "scopeKind": "class", "description": "unavailable"}, {"name": "onRetry ? (", "scope": "InlineError.action", "scopeKind": "class", "description": "unavailable"}], "revision_history": [{"112": "b50f6f74535be264d592cc6cf22f4ad71654019f"}]}