{"is_source_file": true, "format": "JavaScript (React JSX)", "description": "React component for a MongoDB performance dashboard page, including metric widgets, trend charts, and health checks.", "external_files": ["../lib/config", "../lib/metricsService", "../lib/wsHooks"], "external_methods": ["tryHealthCheck", "getMetricsSnapshot", "getMetricsTimeseries", "useWebSocketConnection"], "published": ["default"], "classes": [], "methods": [{"name": "formatCompact(n)", "description": "Formats large numbers into compact string representations with suffixes (K, M).", "scope": "", "scopeKind": ""}, {"name": "formatTimeLabel(iso)", "description": "Converts an ISO string into a localized time label.", "scope": "", "scopeKind": ""}, {"name": "MetricWidget({ label, value, unit, hint, tone = \"default\" })", "description": "React component displaying a metric with label, value, and hint, styled with color tones.", "scope": "", "scopeKind": ""}, {"name": "ChartCard({ title, subtitle, children, status, error })", "description": "React component that displays a titled chart area with loading/error states.", "scope": "", "scopeKind": ""}, {"name": "DashboardPage()", "description": "Main React component for the dashboard page, showing metrics, charts, and health status.", "scope": "", "scopeKind": ""}, {"name": "run()", "scope": "DashboardPage", "scopeKind": "function", "description": "unavailable"}], "calls": ["tryHealthCheck", "getMetricsSnapshot", "getMetricsTimeseries", "useWebSocketConnection"], "search-terms": ["DashboardPage", "MetricsSnapshot", "LineChart", "performance_monitor_frontend", "recharts", "MetricsService", "WebSocket"], "state": 2, "file_id": 13, "knowledge_revision": 63, "git_revision": "ab71f8e42eaa8f29a171398ec65b85064caa1d75", "revision_history": [{"36": "fbcf61c93eb93ad064f04b92cb68e0c0d7d0f8d6"}, {"44": "72706ee959655bdd99d86a801e73c524606a1f74"}, {"59": "72706ee959655bdd99d86a801e73c524606a1f74"}, {"63": "ab71f8e42eaa8f29a171398ec65b85064caa1d75"}], "ctags": [{"_type": "tag", "name": "16", "path": "/home/kavia/workspace/code-generation/mongodb-performance-monitor-210576-210585/performance_monitor_frontend/src/pages/DashboardPage.js", "pattern": "/^                  minTickGap={16}$/", "language": "JavaScript", "kind": "field", "scope": "minTickGap", "scopeKind": "class"}, {"_type": "tag", "name": "2", "path": "/home/kavia/workspace/code-generation/mongodb-performance-monitor-210576-210585/performance_monitor_frontend/src/pages/DashboardPage.js", "pattern": "/^                  strokeWidth={2}$/", "language": "JavaScript", "kind": "field", "scope": "strokeWidth", "scopeKind": "class"}, {"_type": "tag", "name": "40", "path": "/home/kavia/workspace/code-generation/mongodb-performance-monitor-210576-210585/performance_monitor_frontend/src/pages/DashboardPage.js", "pattern": "/^                  width={40}$/", "language": "JavaScript", "kind": "field", "scope": "width", "scopeKind": "class"}, {"_type": "tag", "name": "48", "path": "/home/kavia/workspace/code-generation/mongodb-performance-monitor-210576-210585/performance_monitor_frontend/src/pages/DashboardPage.js", "pattern": "/^                  width={48}$/", "language": "JavaScript", "kind": "field", "scope": "width", "scopeKind": "class"}, {"_type": "tag", "name": "ChartCard", "path": "/home/kavia/workspace/code-generation/mongodb-performance-monitor-210576-210585/performance_monitor_frontend/src/pages/DashboardPage.js", "pattern": "/^function ChartCard({ title, subtitle, children, status, error }) {$/", "language": "JavaScript", "kind": "function", "signature": "({ title, subtitle, children, status, error })"}, {"_type": "tag", "name": "DashboardPage", "path": "/home/kavia/workspace/code-generation/mongodb-performance-monitor-210576-210585/performance_monitor_frontend/src/pages/DashboardPage.js", "pattern": "/^export default function DashboardPage() {$/", "language": "JavaScript", "kind": "function", "signature": "()"}, {"_type": "tag", "name": "MetricWidget", "path": "/home/kavia/workspace/code-generation/mongodb-performance-monitor-210576-210585/performance_monitor_frontend/src/pages/DashboardPage.js", "pattern": "/^function MetricWidget({ label, value, unit, hint, tone = \"default\" }) {$/", "language": "JavaScript", "kind": "function", "signature": "({ label, value, unit, hint, tone = \"default\" })"}, {"_type": "tag", "name": "false", "path": "/home/kavia/workspace/code-generation/mongodb-performance-monitor-210576-210585/performance_monitor_frontend/src/pages/DashboardPage.js", "pattern": "/^                  dot={false}$/", "language": "JavaScript", "kind": "field", "scope": "dot", "scopeKind": "class"}, {"_type": "tag", "name": "false", "path": "/home/kavia/workspace/code-generation/mongodb-performance-monitor-210576-210585/performance_monitor_frontend/src/pages/DashboardPage.js", "pattern": "/^                  isAnimationActive={false}$/", "language": "JavaScript", "kind": "field", "scope": "isAnimationActive", "scopeKind": "class"}, {"_type": "tag", "name": "formatCompact", "path": "/home/kavia/workspace/code-generation/mongodb-performance-monitor-210576-210585/performance_monitor_frontend/src/pages/DashboardPage.js", "pattern": "/^function formatCompact(n) {$/", "language": "JavaScript", "kind": "function", "signature": "(n)"}, {"_type": "tag", "name": "formatTimeLabel", "path": "/home/kavia/workspace/code-generation/mongodb-performance-monitor-210576-210585/performance_monitor_frontend/src/pages/DashboardPage.js", "pattern": "/^                  tickFormatter={formatTimeLabel}$/", "language": "JavaScript", "kind": "field", "scope": "tickFormatter", "scopeKind": "class"}, {"_type": "tag", "name": "formatTimeLabel", "path": "/home/kavia/workspace/code-generation/mongodb-performance-monitor-210576-210585/performance_monitor_frontend/src/pages/DashboardPage.js", "pattern": "/^function formatTimeLabel(iso) {$/", "language": "JavaScript", "kind": "function", "signature": "(iso)"}, {"_type": "tag", "name": "metrics", "path": "/home/kavia/workspace/code-generation/mongodb-performance-monitor-210576-210585/performance_monitor_frontend/src/pages/DashboardPage.js", "pattern": "/^              metrics.status === \"loading\"$/", "language": "JavaScript", "kind": "field", "scope": "value", "scopeKind": "class"}, {"_type": "tag", "name": "metrics", "path": "/home/kavia/workspace/code-generation/mongodb-performance-monitor-210576-210585/performance_monitor_frontend/src/pages/DashboardPage.js", "pattern": "/^            error={metrics.error}$/", "language": "JavaScript", "kind": "field", "scope": "error", "scopeKind": "class"}, {"_type": "tag", "name": "metrics", "path": "/home/kavia/workspace/code-generation/mongodb-performance-monitor-210576-210585/performance_monitor_frontend/src/pages/DashboardPage.js", "pattern": "/^            status={metrics.status}$/", "language": "JavaScript", "kind": "field", "scope": "status", "scopeKind": "class"}, {"_type": "tag", "name": "metrics", "path": "/home/kavia/workspace/code-generation/mongodb-performance-monitor-210576-210585/performance_monitor_frontend/src/pages/DashboardPage.js", "pattern": "/^            tone={metrics.snapshot?.slowOpsPerMin > 8 ? \"danger\" : \"default\"}$/", "language": "JavaScript", "kind": "field", "scope": "tone", "scopeKind": "class"}, {"_type": "tag", "name": "run", "path": "/home/kavia/workspace/code-generation/mongodb-performance-monitor-210576-210585/performance_monitor_frontend/src/pages/DashboardPage.js", "pattern": "/^    async function run() {$/", "language": "JavaScript", "kind": "function", "signature": "()", "scope": "DashboardPage", "scopeKind": "function"}], "hash": "ada3848a33f0ab4728c03225fb106d50", "format-version": 4, "code-base-name": "performance_monitor_frontend", "filename": "performance_monitor_frontend/src/pages/DashboardPage.js", "fields": [{"name": "minTickGap={16}", "scope": "minTickGap", "scopeKind": "class", "description": "unavailable"}, {"name": "strokeWidth={2}", "scope": "strokeWidth", "scopeKind": "class", "description": "unavailable"}, {"name": "width={40}", "scope": "width", "scopeKind": "class", "description": "unavailable"}, {"name": "width={48}", "scope": "width", "scopeKind": "class", "description": "unavailable"}, {"name": "dot={false}", "scope": "dot", "scopeKind": "class", "description": "unavailable"}, {"name": "isAnimationActive={false}", "scope": "isAnimationActive", "scopeKind": "class", "description": "unavailable"}, {"name": "tickFormatter={formatTimeLabel}", "scope": "tickFormatter", "scopeKind": "class", "description": "unavailable"}, {"name": "metrics.status === \"loading\"", "scope": "value", "scopeKind": "class", "description": "unavailable"}, {"name": "error={metrics.error}", "scope": "error", "scopeKind": "class", "description": "unavailable"}, {"name": "status={metrics.status}", "scope": "status", "scopeKind": "class", "description": "unavailable"}, {"name": "tone={metrics.snapshot?.slowOpsPerMin > 8 ? \"danger\" : \"default\"}", "scope": "tone", "scopeKind": "class", "description": "unavailable"}]}