{"is_source_file": false, "format": "", "description": "", "external_files": [], "external_methods": [], "published": [], "classes": [], "methods": [], "calls": [], "search-terms": [], "state": 2, "file_id": 8, "knowledge_revision": 27, "git_revision": "017b6604f2830b91fcc32bbacda917d29b057046", "hash": "c7f0a9cb17b020c337f674315697571f", "format-version": 4, "code-base-name": "performance_monitor_frontend", "filename": "performance_monitor_frontend/src/index.css", "revision_history": [{"27": "017b6604f2830b91fcc32bbacda917d29b057046"}]}