{"is_source_file": true, "format": "JavaScript (React JSX)", "description": "This file defines a React functional component named FilterBar, which renders a styled responsive filter/action bar used in a frontend interface. It accepts 'left' and 'right' props to customize its contents.", "external_files": [], "external_methods": [], "published": ["FilterBar"], "classes": [], "methods": [{"name": "FilterBar({ left, right })", "description": "A React functional component that renders a styled filter/action bar with customizable left and right content.", "scope": "", "scopeKind": ""}], "calls": [], "search-terms": ["FilterBar", "React", "frontend", "UI component", "responsive filter", "style", "props"], "state": 2, "file_id": 35, "knowledge_revision": 93, "git_revision": "1bef545b8af6e130a0cb95663ccbdf5e7f14e2ba", "ctags": [{"_type": "tag", "name": "FilterBar", "path": "/home/kavia/workspace/code-generation/mongodb-performance-monitor-210576-210585/performance_monitor_frontend/src/components/FilterBar.js", "pattern": "/^export default function FilterBar({ left, right }) {$/", "language": "JavaScript", "kind": "function", "signature": "({ left, right })"}], "hash": "5272a63b67ff48530e592040d05c74ec", "format-version": 4, "code-base-name": "performance_monitor_frontend", "filename": "performance_monitor_frontend/src/components/FilterBar.js", "revision_history": [{"93": "1bef545b8af6e130a0cb95663ccbdf5e7f14e2ba"}]}