{"is_source_file": true, "format": "JavaScript", "description": "This file initializes and renders the main React application, sets up React StrictMode, routing via BrowserRouter, and mounts the App component into the DOM.", "external_files": ["./index.css", "./App"], "external_methods": ["ReactDOM.createRoot", "root.render"], "published": ["React", "ReactDOM", "BrowserRouter", "App"], "classes": [], "methods": [{"name": "ReactDOM.createRoot", "description": "Creates a React root for rendering a React component tree."}, {"name": "root.render", "description": "Renders the provided React element tree into the DOM."}], "calls": ["ReactDOM.createRoot", "root.render", "<React.StrictMode>", "<BrowserRouter>", "<App />"], "search-terms": ["React", "ReactDOM", "index.js", "render", "App component", "routing"], "state": 2, "file_id": 7, "knowledge_revision": 34, "git_revision": "fbcf61c93eb93ad064f04b92cb68e0c0d7d0f8d6", "revision_history": [{"24": "017b6604f2830b91fcc32bbacda917d29b057046"}, {"34": "fbcf61c93eb93ad064f04b92cb68e0c0d7d0f8d6"}], "ctags": [{"_type": "tag", "name": "root", "path": "/home/kavia/workspace/code-generation/mongodb-performance-monitor-210576-210585/performance_monitor_frontend/src/index.js", "pattern": "/^const root = ReactDOM.createRoot(document.getElementById(\"root\"));$/", "language": "JavaScript", "kind": "constant"}], "hash": "cdf2a45db864983860baaaa16173e219", "format-version": 4, "code-base-name": "performance_monitor_frontend", "filename": "performance_monitor_frontend/src/index.js"}