{"is_source_file": false, "format": "", "description": "", "external_files": [], "external_methods": [], "published": [], "classes": [], "methods": [], "calls": [], "search-terms": [], "state": 2, "file_id": 5, "knowledge_revision": 106, "git_revision": "b50f6f74535be264d592cc6cf22f4ad71654019f", "revision_history": [{"52": "a1b271c0a2cd243d0e542d216e911ef5a2ff18fc"}, {"106": "b50f6f74535be264d592cc6cf22f4ad71654019f"}], "hash": "111f6f0518a6701cda7ac43afa5a7754", "format-version": 4, "code-base-name": "performance_monitor_frontend", "filename": "performance_monitor_frontend/src/App.css"}