{"is_source_file": false, "format": "", "description": "", "external_files": [], "external_methods": [], "published": [], "classes": [], "methods": [], "calls": [], "search-terms": [], "state": 2, "file_id": 28, "knowledge_revision": 68, "git_revision": "72706ee959655bdd99d86a801e73c524606a1f74", "hash": "61ef14a9780590487a39b4e28c74e95a", "format-version": 4, "code-base-name": "performance_monitor_frontend", "filename": "performance_monitor_frontend/tmp/backend_openapi.json", "revision_history": [{"68": "72706ee959655bdd99d86a801e73c524606a1f74"}]}