{"is_source_file": true, "format": "JavaScript (React JSX)", "description": "This file defines a React component for the Dashboard page of a web application, which serves as a placeholder for real-time MongoDB session metrics.", "external_files": ["react"], "external_methods": [], "published": ["DashboardPage"], "classes": [], "methods": [{"name": "DashboardPage()", "description": "Functional React component rendering a placeholder dashboard page.", "scope": "", "scopeKind": ""}], "calls": ["React"], "search-terms": ["DashboardPage", "React", "MongoDB", "Performance Monitor", "Placeholder", "Live connections", "Session queries", "Slow operations", "Historical trend charts"], "state": 2, "file_id": 13, "knowledge_revision": 36, "git_revision": "fbcf61c93eb93ad064f04b92cb68e0c0d7d0f8d6", "ctags": [{"_type": "tag", "name": "DashboardPage", "path": "/home/kavia/workspace/code-generation/mongodb-performance-monitor-210576-210585/performance_monitor_frontend/src/pages/DashboardPage.js", "pattern": "/^export default function DashboardPage() {$/", "language": "JavaScript", "kind": "function", "signature": "()"}], "hash": "8e3237349fa928142014d2d519003fa8", "format-version": 4, "code-base-name": "performance_monitor_frontend", "filename": "performance_monitor_frontend/src/pages/DashboardPage.js", "revision_history": [{"36": "fbcf61c93eb93ad064f04b92cb68e0c0d7d0f8d6"}]}