{"is_source_file": false, "format": "", "description": "", "external_files": [], "external_methods": [], "published": [], "classes": [], "methods": [], "calls": [], "search-terms": [], "state": 2, "file_id": 27, "knowledge_revision": 67, "git_revision": "ab71f8e42eaa8f29a171398ec65b85064caa1d75", "hash": "61ef14a9780590487a39b4e28c74e95a", "format-version": 4, "code-base-name": "performance_monitor_frontend", "filename": "performance_monitor_frontend/interfaces/performance_monitor_backend_openapi.json", "revision_history": [{"67": "ab71f8e42eaa8f29a171398ec65b85064caa1d75"}]}