{"is_source_file": true, "file_id": 13, "git_revision": "", "state": 1, "description": "", "external_files": [], "external_methods": [], "published": [], "classes": [], "methods": [], "calls": [], "search-terms": [], "ctags": [{"_type": "tag", "name": "DashboardPage", "path": "/home/kavia/workspace/code-generation/mongodb-performance-monitor-210576-210585/performance_monitor_frontend/src/pages/DashboardPage.js", "pattern": "/^export default function DashboardPage() {$/", "language": "JavaScript", "kind": "function", "signature": "()"}], "format": "JavaScript", "hash": "8e3237349fa928142014d2d519003fa8", "format-version": 4, "code-base-name": "performance_monitor_frontend", "filename": "performance_monitor_frontend/src/pages/DashboardPage.js", "knowledge_revision": 29}