{"is_source_file": true, "format": "JavaScript", "description": "This file implements the RecommendationsPage React component responsible for displaying and managing recommendations with filtering, details, and status updates in a performance monitoring UI.", "external_files": ["../components/Badge", "../components/EmptyState", "../components/FilterBar", "../components/LoadingSkeleton", "../components/ToastHost", "../lib/recommendationsService"], "external_methods": ["listRecommendations", "applyRecommendation", "dismissRecommendation", "restoreRecommendation", "updateRecommendationStatus"], "published": [], "classes": [], "methods": [{"name": "toneForStatus(st)", "description": "Maps recommendation status strings to corresponding UI tone for visual indication.", "scope": "", "scopeKind": ""}, {"name": "toneForSeverity(sev)", "description": "Maps severity levels to UI tone for visual severity indicator.", "scope": "", "scopeKind": ""}, {"name": "normalizeRec(x)", "description": "Normalizes recommendation objects into a consistent shape for display and processing.", "scope": "", "scopeKind": ""}, {"name": "formatWhen(iso)", "description": "Formats ISO date strings into locale-specific date-time strings.", "scope": "", "scopeKind": ""}, {"name": "RecommendationsPage()", "description": "Main React component to display, filter, and update recommendations.", "scope": "", "scopeKind": ""}, {"name": "load()", "scope": "RecommendationsPage", "scopeKind": "function", "description": "unavailable"}, {"name": "setFilter(key, value)", "scope": "RecommendationsPage", "scopeKind": "function", "description": "unavailable"}, {"name": "setStatus(rec, nextStatus)", "scope": "RecommendationsPage", "scopeKind": "function", "description": "unavailable"}], "calls": ["listRecommendations", "applyRecommendation", "dismissRecommendation", "restoreRecommendation", "updateRecommendationStatus", "toast"], "search-terms": ["RecommendationsPage", "recommendationsService", "FilterBar", "recommendations", "status update", "severity", "recommendation normalization", "recommendation filtering", "recommendation details", "React hooks"], "state": 2, "file_id": 15, "knowledge_revision": 88, "git_revision": "1bef545b8af6e130a0cb95663ccbdf5e7f14e2ba", "revision_history": [{"38": "fbcf61c93eb93ad064f04b92cb68e0c0d7d0f8d6"}, {"88": "1bef545b8af6e130a0cb95663ccbdf5e7f14e2ba"}], "ctags": [{"_type": "tag", "name": "RecommendationsPage", "path": "/home/kavia/workspace/code-generation/mongodb-performance-monitor-210576-210585/performance_monitor_frontend/src/pages/RecommendationsPage.js", "pattern": "/^export default function RecommendationsPage() {$/", "language": "JavaScript", "kind": "function", "signature": "()"}, {"_type": "tag", "name": "formatWhen", "path": "/home/kavia/workspace/code-generation/mongodb-performance-monitor-210576-210585/performance_monitor_frontend/src/pages/RecommendationsPage.js", "pattern": "/^function formatWhen(iso) {$/", "language": "JavaScript", "kind": "function", "signature": "(iso)"}, {"_type": "tag", "name": "load", "path": "/home/kavia/workspace/code-generation/mongodb-performance-monitor-210576-210585/performance_monitor_frontend/src/pages/RecommendationsPage.js", "pattern": "/^  async function load() {$/", "language": "JavaScript", "kind": "function", "signature": "()", "scope": "RecommendationsPage", "scopeKind": "function"}, {"_type": "tag", "name": "normalizeRec", "path": "/home/kavia/workspace/code-generation/mongodb-performance-monitor-210576-210585/performance_monitor_frontend/src/pages/RecommendationsPage.js", "pattern": "/^function normalizeRec(x) {$/", "language": "JavaScript", "kind": "function", "signature": "(x)"}, {"_type": "tag", "name": "setFilter", "path": "/home/kavia/workspace/code-generation/mongodb-performance-monitor-210576-210585/performance_monitor_frontend/src/pages/RecommendationsPage.js", "pattern": "/^  function setFilter(key, value) {$/", "language": "JavaScript", "kind": "function", "signature": "(key, value)", "scope": "RecommendationsPage", "scopeKind": "function"}, {"_type": "tag", "name": "setStatus", "path": "/home/kavia/workspace/code-generation/mongodb-performance-monitor-210576-210585/performance_monitor_frontend/src/pages/RecommendationsPage.js", "pattern": "/^  async function setStatus(rec, nextStatus) {$/", "language": "JavaScript", "kind": "function", "signature": "(rec, nextStatus)", "scope": "RecommendationsPage", "scopeKind": "function"}, {"_type": "tag", "name": "toneForSeverity", "path": "/home/kavia/workspace/code-generation/mongodb-performance-monitor-210576-210585/performance_monitor_frontend/src/pages/RecommendationsPage.js", "pattern": "/^function toneForSeverity(sev) {$/", "language": "JavaScript", "kind": "function", "signature": "(sev)"}, {"_type": "tag", "name": "toneForStatus", "path": "/home/kavia/workspace/code-generation/mongodb-performance-monitor-210576-210585/performance_monitor_frontend/src/pages/RecommendationsPage.js", "pattern": "/^function toneForStatus(st) {$/", "language": "JavaScript", "kind": "function", "signature": "(st)"}], "hash": "ea8c3860ce00b7a2a556f2fcd6bee4e5", "format-version": 4, "code-base-name": "performance_monitor_frontend", "filename": "performance_monitor_frontend/src/pages/RecommendationsPage.js"}