{"is_source_file": true, "format": "JavaScript", "description": "React component for creating and editing alert rules via a modal form, handling form state, validation, and submission.", "external_files": ["./Modal"], "external_methods": [], "published": ["AlertRuleFormModal"], "classes": [], "methods": [{"name": "AlertRuleFormModal({ isOpen, mode, initialValue, onSubmit, onClose, busy = false })", "description": "React functional component for alert rule create/edit modal.", "scope": "", "scopeKind": ""}, {"name": "handleSubmit(e)", "scope": "AlertRuleFormModal", "scopeKind": "function", "description": "unavailable"}, {"name": "setField(key, value)", "scope": "AlertRuleFormModal", "scopeKind": "function", "description": "unavailable"}, {"name": "validate(draft)", "scope": "AlertRuleFormModal", "scopeKind": "function", "description": "unavailable"}], "calls": ["useEffect", "useMemo", "useState", "setForm", "setErrors", "validate", "onSubmit", "setField"], "search-terms": ["AlertRuleFormModal", "create/edit alert rule modal", "React form validation", "alert rule threshold validation", "React useEffect for modal", "React useMemo for initial state"], "state": 2, "file_id": 41, "knowledge_revision": 99, "git_revision": "1bef545b8af6e130a0cb95663ccbdf5e7f14e2ba", "ctags": [{"_type": "tag", "name": "3", "path": "/home/kavia/workspace/code-generation/mongodb-performance-monitor-210576-210585/performance_monitor_frontend/src/components/AlertRuleFormModal.js", "pattern": "/^              rows={3}$/", "language": "JavaScript", "kind": "field", "scope": "AlertRuleFormModal.rows", "scopeKind": "class"}, {"_type": "tag", "name": "AlertRuleFormModal", "path": "/home/kavia/workspace/code-generation/mongodb-performance-monitor-210576-210585/performance_monitor_frontend/src/components/AlertRuleFormModal.js", "pattern": "/^export default function AlertRuleFormModal({ isOpen, mode, initialValue, onSubmit, onClose, busy/", "language": "JavaScript", "kind": "function", "signature": "({ isOpen, mode, initialValue, onSubmit, onClose, busy = false })"}, {"_type": "tag", "name": "busy", "path": "/home/kavia/workspace/code-generation/mongodb-performance-monitor-210576-210585/performance_monitor_frontend/src/components/AlertRuleFormModal.js", "pattern": "/^                disabled={busy}$/", "language": "JavaScript", "kind": "field", "scope": "AlertRuleFormModal.disabled", "scopeKind": "class"}, {"_type": "tag", "name": "busy", "path": "/home/kavia/workspace/code-generation/mongodb-performance-monitor-210576-210585/performance_monitor_frontend/src/components/AlertRuleFormModal.js", "pattern": "/^              disabled={busy}$/", "language": "JavaScript", "kind": "field", "scope": "AlertRuleFormModal.autoFocus", "scopeKind": "class"}, {"_type": "tag", "name": "busy", "path": "/home/kavia/workspace/code-generation/mongodb-performance-monitor-210576-210585/performance_monitor_frontend/src/components/AlertRuleFormModal.js", "pattern": "/^              disabled={busy}$/", "language": "JavaScript", "kind": "field", "scope": "AlertRuleFormModal.disabled", "scopeKind": "class"}, {"_type": "tag", "name": "busy", "path": "/home/kavia/workspace/code-generation/mongodb-performance-monitor-210576-210585/performance_monitor_frontend/src/components/AlertRuleFormModal.js", "pattern": "/^      onClose={busy ? undefined : onClose}$/", "language": "JavaScript", "kind": "field", "scope": "AlertRuleFormModal.onClose", "scopeKind": "class"}, {"_type": "tag", "name": "form", "path": "/home/kavia/workspace/code-generation/mongodb-performance-monitor-210576-210585/performance_monitor_frontend/src/components/AlertRuleFormModal.js", "pattern": "/^                value={form.comparator}$/", "language": "JavaScript", "kind": "field", "scope": "AlertRuleFormModal.value", "scopeKind": "class"}, {"_type": "tag", "name": "form", "path": "/home/kavia/workspace/code-generation/mongodb-performance-monitor-210576-210585/performance_monitor_frontend/src/components/AlertRuleFormModal.js", "pattern": "/^              value={form.description}$/", "language": "JavaScript", "kind": "field", "scope": "AlertRuleFormModal.value", "scopeKind": "class"}, {"_type": "tag", "name": "form", "path": "/home/kavia/workspace/code-generation/mongodb-performance-monitor-210576-210585/performance_monitor_frontend/src/components/AlertRuleFormModal.js", "pattern": "/^              value={form.instanceId}$/", "language": "JavaScript", "kind": "field", "scope": "AlertRuleFormModal.value", "scopeKind": "class"}, {"_type": "tag", "name": "form", "path": "/home/kavia/workspace/code-generation/mongodb-performance-monitor-210576-210585/performance_monitor_frontend/src/components/AlertRuleFormModal.js", "pattern": "/^              value={form.metric}$/", "language": "JavaScript", "kind": "field", "scope": "AlertRuleFormModal.value", "scopeKind": "class"}, {"_type": "tag", "name": "form", "path": "/home/kavia/workspace/code-generation/mongodb-performance-monitor-210576-210585/performance_monitor_frontend/src/components/AlertRuleFormModal.js", "pattern": "/^              value={form.name}$/", "language": "JavaScript", "kind": "field", "scope": "AlertRuleFormModal.value", "scopeKind": "class"}, {"_type": "tag", "name": "form", "path": "/home/kavia/workspace/code-generation/mongodb-performance-monitor-210576-210585/performance_monitor_frontend/src/components/AlertRuleFormModal.js", "pattern": "/^              value={form.severity}$/", "language": "JavaScript", "kind": "field", "scope": "AlertRuleFormModal.value", "scopeKind": "class"}, {"_type": "tag", "name": "handleSubmit", "path": "/home/kavia/workspace/code-generation/mongodb-performance-monitor-210576-210585/performance_monitor_frontend/src/components/AlertRuleFormModal.js", "pattern": "/^  async function handleSubmit(e) {$/", "language": "JavaScript", "kind": "function", "signature": "(e)", "scope": "AlertRuleFormModal", "scopeKind": "function"}, {"_type": "tag", "name": "isEdit", "path": "/home/kavia/workspace/code-generation/mongodb-performance-monitor-210576-210585/performance_monitor_frontend/src/components/AlertRuleFormModal.js", "pattern": "/^      title={isEdit ? \"Edit alert rule\" : \"Create alert rule\"}$/", "language": "JavaScript", "kind": "field", "scope": "AlertRuleFormModal.title", "scopeKind": "class"}, {"_type": "tag", "name": "isOpen", "path": "/home/kavia/workspace/code-generation/mongodb-performance-monitor-210576-210585/performance_monitor_frontend/src/components/AlertRuleFormModal.js", "pattern": "/^      isOpen={isOpen}$/", "language": "JavaScript", "kind": "field", "scope": "AlertRuleFormModal.isOpen", "scopeKind": "class"}, {"_type": "tag", "name": "name ? \"is-error\" : \"\"}", "path": "/home/kavia/workspace/code-generation/mongodb-performance-monitor-210576-210585/performance_monitor_frontend/src/components/AlertRuleFormModal.js", "pattern": "/^              className={`pm-input ${errors.name ? \"is-error\" : \"\"}`}$/", "language": "JavaScript", "kind": "field", "scope": "AlertRuleFormModal.className.pm-input ${errors", "scopeKind": "class"}, {"_type": "tag", "name": "setField", "path": "/home/kavia/workspace/code-generation/mongodb-performance-monitor-210576-210585/performance_monitor_frontend/src/components/AlertRuleFormModal.js", "pattern": "/^  function setField(key, value) {$/", "language": "JavaScript", "kind": "function", "signature": "(key, value)", "scope": "AlertRuleFormModal", "scopeKind": "function"}, {"_type": "tag", "name": "threshold ? \"is-error\" : \"\"}", "path": "/home/kavia/workspace/code-generation/mongodb-performance-monitor-210576-210585/performance_monitor_frontend/src/components/AlertRuleFormModal.js", "pattern": "/^                className={`pm-input ${errors.threshold ? \"is-error\" : \"\"}`}$/", "language": "JavaScript", "kind": "field", "scope": "AlertRuleFormModal.className.pm-input ${errors", "scopeKind": "class"}, {"_type": "tag", "name": "validate", "path": "/home/kavia/workspace/code-generation/mongodb-performance-monitor-210576-210585/performance_monitor_frontend/src/components/AlertRuleFormModal.js", "pattern": "/^  function validate(draft) {$/", "language": "JavaScript", "kind": "function", "signature": "(draft)", "scope": "AlertRuleFormModal", "scopeKind": "function"}], "hash": "18f5f7c85289aa7e8baaf6e34fb8e6f8", "format-version": 4, "code-base-name": "performance_monitor_frontend", "filename": "performance_monitor_frontend/src/components/AlertRuleFormModal.js", "fields": [{"name": "rows={3}", "scope": "AlertRuleFormModal.rows", "scopeKind": "class", "description": "unavailable"}, {"name": "disabled={busy}", "scope": "AlertRuleFormModal.disabled", "scopeKind": "class", "description": "unavailable"}, {"name": "onClose={busy ? undefined : onClose}", "scope": "AlertRuleFormModal.onClose", "scopeKind": "class", "description": "unavailable"}, {"name": "value={form.comparator}", "scope": "AlertRuleFormModal.value", "scopeKind": "class", "description": "unavailable"}, {"name": "value={form.description}", "scope": "AlertRuleFormModal.value", "scopeKind": "class", "description": "unavailable"}, {"name": "value={form.instanceId}", "scope": "AlertRuleFormModal.value", "scopeKind": "class", "description": "unavailable"}, {"name": "value={form.metric}", "scope": "AlertRuleFormModal.value", "scopeKind": "class", "description": "unavailable"}, {"name": "value={form.name}", "scope": "AlertRuleFormModal.value", "scopeKind": "class", "description": "unavailable"}, {"name": "value={form.severity}", "scope": "AlertRuleFormModal.value", "scopeKind": "class", "description": "unavailable"}, {"name": "title={isEdit ? \"Edit alert rule\" : \"Create alert rule\"}", "scope": "AlertRuleFormModal.title", "scopeKind": "class", "description": "unavailable"}, {"name": "isOpen={isOpen}", "scope": "AlertRuleFormModal.isOpen", "scopeKind": "class", "description": "unavailable"}, {"name": "className={`pm-input ${errors.name ? \"is-error\" : \"\"}`}", "scope": "AlertRuleFormModal.className.pm-input ${errors", "scopeKind": "class", "description": "unavailable"}, {"name": "className={`pm-input ${errors.threshold ? \"is-error\" : \"\"}`}", "scope": "AlertRuleFormModal.className.pm-input ${errors", "scopeKind": "class", "description": "unavailable"}], "revision_history": [{"99": "1bef545b8af6e130a0cb95663ccbdf5e7f14e2ba"}]}