{"is_source_file": true, "format": "JavaScript", "description": "This file provides a service module for managing instances of a database, with support for mock data and real backend interactions. It includes functions for listing, creating, updating, and deleting instances, as well as internal logic for switching between mock and real API modes based on feature flags.", "external_files": ["./apiClient", "./config"], "external_methods": ["apiTryRequest", "getEnumFlag"], "published": ["listInstances", "createInstance", "updateInstance", "deleteInstance"], "classes": [], "methods": [{"name": "listInstances()", "description": "Fetches and returns the list of database instances, either from a real backend or mock data depending on feature flags.", "scope": "", "scopeKind": ""}, {"name": "createInstance(draft)", "description": "Creates a new database instance, either via backend API or mock store.", "scope": "", "scopeKind": ""}, {"name": "updateInstance(id, patch)", "description": "Updates an existing database instance identified by its ID, either via backend API or mock data.", "scope": "", "scopeKind": ""}, {"name": "deleteInstance(id)", "description": "Deletes a database instance by ID, either through backend API or from mock data.", "scope": "", "scopeKind": ""}, {"name": "instancesMode()", "scope": "", "scopeKind": "", "description": "unavailable"}, {"name": "tryReal(method, { id, body } = {})", "scope": "", "scopeKind": "", "description": "unavailable"}, {"name": "uid()", "scope": "", "scopeKind": "", "description": "unavailable"}], "calls": ["apiTryRequest", "getEnumFlag"], "search-terms": ["instancesService", "mockStore", "instancesApi", "tryReal", "listInstances", "createInstance", "updateInstance", "deleteInstance"], "state": 2, "file_id": 33, "knowledge_revision": 91, "git_revision": "", "ctags": [{"_type": "tag", "name": "createInstance", "path": "/home/kavia/workspace/code-generation/mongodb-performance-monitor-210576-210585/performance_monitor_frontend/src/lib/instancesService.js", "pattern": "/^export async function createInstance(draft) {$/", "language": "JavaScript", "kind": "function", "signature": "(draft)"}, {"_type": "tag", "name": "deleteInstance", "path": "/home/kavia/workspace/code-generation/mongodb-performance-monitor-210576-210585/performance_monitor_frontend/src/lib/instancesService.js", "pattern": "/^export async function deleteInstance(id) {$/", "language": "JavaScript", "kind": "function", "signature": "(id)"}, {"_type": "tag", "name": "instancesMode", "path": "/home/kavia/workspace/code-generation/mongodb-performance-monitor-210576-210585/performance_monitor_frontend/src/lib/instancesService.js", "pattern": "/^function instancesMode() {$/", "language": "JavaScript", "kind": "function", "signature": "()"}, {"_type": "tag", "name": "listInstances", "path": "/home/kavia/workspace/code-generation/mongodb-performance-monitor-210576-210585/performance_monitor_frontend/src/lib/instancesService.js", "pattern": "/^export async function listInstances() {$/", "language": "JavaScript", "kind": "function", "signature": "()"}, {"_type": "tag", "name": "mockStore", "path": "/home/kavia/workspace/code-generation/mongodb-performance-monitor-210576-210585/performance_monitor_frontend/src/lib/instancesService.js", "pattern": "/^let mockStore = [$/", "language": "JavaScript", "kind": "variable"}, {"_type": "tag", "name": "tryReal", "path": "/home/kavia/workspace/code-generation/mongodb-performance-monitor-210576-210585/performance_monitor_frontend/src/lib/instancesService.js", "pattern": "/^async function tryReal(method, { id, body } = {}) {$/", "language": "JavaScript", "kind": "function", "signature": "(method, { id, body } = {})"}, {"_type": "tag", "name": "uid", "path": "/home/kavia/workspace/code-generation/mongodb-performance-monitor-210576-210585/performance_monitor_frontend/src/lib/instancesService.js", "pattern": "/^function uid() {$/", "language": "JavaScript", "kind": "function", "signature": "()"}, {"_type": "tag", "name": "updateInstance", "path": "/home/kavia/workspace/code-generation/mongodb-performance-monitor-210576-210585/performance_monitor_frontend/src/lib/instancesService.js", "pattern": "/^export async function updateInstance(id, patch) {$/", "language": "JavaScript", "kind": "function", "signature": "(id, patch)"}], "hash": "1214102266eea5feff8208168d8b0840", "format-version": 4, "code-base-name": "performance_monitor_frontend", "filename": "performance_monitor_frontend/src/lib/instancesService.js", "fields": [{"name": "let mockStore = [", "scope": "", "scopeKind": "", "description": "unavailable"}], "revision_history": [{"91": ""}]}