{"is_source_file": false, "format": "", "description": "", "external_files": [], "external_methods": [], "published": [], "classes": [], "methods": [], "calls": [], "search-terms": [], "state": 2, "file_id": 26, "knowledge_revision": 69, "git_revision": "fcfa88efea464eb0015c86a4b5c39f3a583bd67f", "hash": "61ef14a9780590487a39b4e28c74e95a", "format-version": 4, "code-base-name": "performance_monitor_frontend", "filename": "performance_monitor_frontend/interfaces/backend_openapi.runtime.json", "revision_history": [{"69": "fcfa88efea464eb0015c86a4b5c39f3a583bd67f"}]}