{"is_source_file": false, "format": "", "description": "", "external_files": [], "external_methods": [], "published": [], "classes": [], "methods": [], "calls": [], "search-terms": [], "state": 2, "file_id": 12, "knowledge_revision": 22, "git_revision": "017b6604f2830b91fcc32bbacda917d29b057046", "hash": "d001d53c059625c4bcf75bf5a7f3fcf0", "format-version": 4, "code-base-name": "performance_monitor_frontend", "filename": "performance_monitor_frontend/package.json", "revision_history": [{"22": "017b6604f2830b91fcc32bbacda917d29b057046"}]}