{"is_source_file": true, "format": "JavaScript (React JSX)", "description": "This file defines a React component named DashboardPage that presents a dashboard interface for monitoring MongoDB session metrics. It includes backend connectivity checks by calling an API endpoint and displays various status indicators related to the health of the backend service.", "external_files": ["../lib/api", "../lib/config"], "external_methods": ["get"], "published": ["DashboardPage"], "classes": [], "methods": [{"name": "DashboardPage()", "description": "React functional component that maintains health state, performs a backend health check on mount, and renders dashboard UI with connection status.", "scope": "", "scopeKind": ""}, {"name": "run()", "scope": "DashboardPage", "scopeKind": "function", "description": "unavailable"}], "calls": ["useEffect", "setHealth", "get"], "search-terms": ["DashboardPage", "React", "health check", "MongoDB session metrics", "useEffect", "useState", "config", "api", "frontend"], "state": 2, "file_id": 13, "knowledge_revision": 44, "git_revision": "72706ee959655bdd99d86a801e73c524606a1f74", "revision_history": [{"36": "fbcf61c93eb93ad064f04b92cb68e0c0d7d0f8d6"}, {"44": "72706ee959655bdd99d86a801e73c524606a1f74"}], "ctags": [{"_type": "tag", "name": "DashboardPage", "path": "/home/kavia/workspace/code-generation/mongodb-performance-monitor-210576-210585/performance_monitor_frontend/src/pages/DashboardPage.js", "pattern": "/^export default function DashboardPage() {$/", "language": "JavaScript", "kind": "function", "signature": "()"}, {"_type": "tag", "name": "run", "path": "/home/kavia/workspace/code-generation/mongodb-performance-monitor-210576-210585/performance_monitor_frontend/src/pages/DashboardPage.js", "pattern": "/^    async function run() {$/", "language": "JavaScript", "kind": "function", "signature": "()", "scope": "DashboardPage", "scopeKind": "function"}], "hash": "7d3c0c102a70f339e49cd9c79f763932", "format-version": 4, "code-base-name": "performance_monitor_frontend", "filename": "performance_monitor_frontend/src/pages/DashboardPage.js"}