{"is_source_file": true, "format": "JavaScript (React JSX)", "description": "This file implements a React component named `InstancesPage` that provides a user interface for managing MongoDB instances. It includes functionality for listing, creating, editing, and deleting instances, along with handling network status and various UI states such as loading, error, and empty states. The component uses hooks such as `useState`, `useEffect`, and `useMemo`, and interacts with external services to perform CRUD operations.", "external_files": ["../components/ConfirmDialog", "../components/EmptyState", "../components/InlineError", "../components/InstanceFormModal", "../components/LoadingSkeleton", "../components/ToastHost", "../lib/uiState", "../lib/instancesService"], "external_methods": ["listInstances", "createInstance", "updateInstance", "deleteInstance", "isLikelyNetworkError", "useDebouncedCallback", "useFailureToastGate", "useNetworkStatus"], "published": ["default"], "classes": [], "methods": [{"name": "reload()", "description": "Fetches the list of MongoDB instances from the backend and updates the component state accordingly. Handles errors by distinguishing network issues and displaying appropriate toasts.", "scope": "InstancesPage", "scopeKind": "function"}, {"name": "openCreate()", "description": "Opens the modal dialog for creating a new MongoDB instance.", "scope": "InstancesPage", "scopeKind": "function"}, {"name": "openEdit(item)", "description": "Opens the modal dialog for editing an existing MongoDB instance, pre-filling the form with the selected item's data.", "scope": "InstancesPage", "scopeKind": "function"}, {"name": "openDelete(item)", "description": "Opens a confirmation dialog to delete a specific MongoDB instance.", "scope": "InstancesPage", "scopeKind": "function"}, {"name": "handleSubmit(draft)", "description": "Handles saving a new or updated instance by calling the respective service function and managing UI states.", "scope": "InstancesPage", "scopeKind": "function"}, {"name": "handleDeleteConfirmed()", "description": "Confirms deletion of an instance, calls the delete service, and refreshes the list.", "scope": "InstancesPage", "scopeKind": "function"}, {"name": "InstancesPage()", "scope": "", "scopeKind": "", "description": "unavailable"}], "calls": ["listInstances", "createInstance", "updateInstance", "deleteInstance", "isLikelyNetworkError", "toast", "setState", "setFormModal", "setConfirm", "useNetworkStatus", "useFailureToastGate", "useDebouncedCallback", "useMemo", "reload"], "search-terms": ["InstancesPage", "MongoDB instances", "CRUD UI", "useNetworkStatus", "useFailureToastGate", "useDebouncedCallback", "listInstances", "createInstance", "updateInstance", "deleteInstance"], "state": 2, "file_id": 17, "knowledge_revision": 111, "git_revision": "b50f6f74535be264d592cc6cf22f4ad71654019f", "revision_history": [{"40": "fbcf61c93eb93ad064f04b92cb68e0c0d7d0f8d6"}, {"51": "a1b271c0a2cd243d0e542d216e911ef5a2ff18fc"}, {"111": "b50f6f74535be264d592cc6cf22f4ad71654019f"}], "ctags": [{"_type": "tag", "name": "InstancesPage", "path": "/home/kavia/workspace/code-generation/mongodb-performance-monitor-210576-210585/performance_monitor_frontend/src/pages/InstancesPage.js", "pattern": "/^export default function InstancesPage() {$/", "language": "JavaScript", "kind": "function", "signature": "()"}, {"_type": "tag", "name": "busy", "path": "/home/kavia/workspace/code-generation/mongodb-performance-monitor-210576-210585/performance_monitor_frontend/src/pages/InstancesPage.js", "pattern": "/^        busy={busy}$/", "language": "JavaScript", "kind": "field", "scope": "InstancesPage.busy", "scopeKind": "class"}, {"_type": "tag", "name": "confirm", "path": "/home/kavia/workspace/code-generation/mongodb-performance-monitor-210576-210585/performance_monitor_frontend/src/pages/InstancesPage.js", "pattern": "/^          confirm.item ? ($/", "language": "JavaScript", "kind": "field", "scope": "InstancesPage.message", "scopeKind": "class"}, {"_type": "tag", "name": "confirm", "path": "/home/kavia/workspace/code-generation/mongodb-performance-monitor-210576-210585/performance_monitor_frontend/src/pages/InstancesPage.js", "pattern": "/^        isOpen={confirm.open}$/", "language": "JavaScript", "kind": "field", "scope": "InstancesPage.isOpen", "scopeKind": "class"}, {"_type": "tag", "name": "formModal", "path": "/home/kavia/workspace/code-generation/mongodb-performance-monitor-210576-210585/performance_monitor_frontend/src/pages/InstancesPage.js", "pattern": "/^        initialValue={formModal.item}$/", "language": "JavaScript", "kind": "field", "scope": "InstancesPage.initialValue", "scopeKind": "class"}, {"_type": "tag", "name": "formModal", "path": "/home/kavia/workspace/code-generation/mongodb-performance-monitor-210576-210585/performance_monitor_frontend/src/pages/InstancesPage.js", "pattern": "/^        isOpen={formModal.open}$/", "language": "JavaScript", "kind": "field", "scope": "InstancesPage.isOpen", "scopeKind": "class"}, {"_type": "tag", "name": "formModal", "path": "/home/kavia/workspace/code-generation/mongodb-performance-monitor-210576-210585/performance_monitor_frontend/src/pages/InstancesPage.js", "pattern": "/^        mode={formModal.mode}$/", "language": "JavaScript", "kind": "field", "scope": "InstancesPage.mode", "scopeKind": "class"}, {"_type": "tag", "name": "handleDeleteConfirmed", "path": "/home/kavia/workspace/code-generation/mongodb-performance-monitor-210576-210585/performance_monitor_frontend/src/pages/InstancesPage.js", "pattern": "/^        onConfirm={handleDeleteConfirmed}$/", "language": "JavaScript", "kind": "field", "scope": "InstancesPage.onConfirm", "scopeKind": "class"}, {"_type": "tag", "name": "handleDeleteConfirmed", "path": "/home/kavia/workspace/code-generation/mongodb-performance-monitor-210576-210585/performance_monitor_frontend/src/pages/InstancesPage.js", "pattern": "/^  async function handleDeleteConfirmed() {$/", "language": "JavaScript", "kind": "function", "signature": "()", "scope": "InstancesPage", "scopeKind": "function"}, {"_type": "tag", "name": "handleSubmit", "path": "/home/kavia/workspace/code-generation/mongodb-performance-monitor-210576-210585/performance_monitor_frontend/src/pages/InstancesPage.js", "pattern": "/^        onSubmit={handleSubmit}$/", "language": "JavaScript", "kind": "field", "scope": "InstancesPage.onSubmit", "scopeKind": "class"}, {"_type": "tag", "name": "handleSubmit", "path": "/home/kavia/workspace/code-generation/mongodb-performance-monitor-210576-210585/performance_monitor_frontend/src/pages/InstancesPage.js", "pattern": "/^  async function handleSubmit(draft) {$/", "language": "JavaScript", "kind": "function", "signature": "(draft)", "scope": "InstancesPage", "scopeKind": "function"}, {"_type": "tag", "name": "openCreate", "path": "/home/kavia/workspace/code-generation/mongodb-performance-monitor-210576-210585/performance_monitor_frontend/src/pages/InstancesPage.js", "pattern": "/^  function openCreate() {$/", "language": "JavaScript", "kind": "function", "signature": "()", "scope": "InstancesPage", "scopeKind": "function"}, {"_type": "tag", "name": "openDelete", "path": "/home/kavia/workspace/code-generation/mongodb-performance-monitor-210576-210585/performance_monitor_frontend/src/pages/InstancesPage.js", "pattern": "/^  function openDelete(item) {$/", "language": "JavaScript", "kind": "function", "signature": "(item)", "scope": "InstancesPage", "scopeKind": "function"}, {"_type": "tag", "name": "openEdit", "path": "/home/kavia/workspace/code-generation/mongodb-performance-monitor-210576-210585/performance_monitor_frontend/src/pages/InstancesPage.js", "pattern": "/^  function openEdit(item) {$/", "language": "JavaScript", "kind": "function", "signature": "(item)", "scope": "InstancesPage", "scopeKind": "function"}, {"_type": "tag", "name": "reload", "path": "/home/kavia/workspace/code-generation/mongodb-performance-monitor-210576-210585/performance_monitor_frontend/src/pages/InstancesPage.js", "pattern": "/^  async function reload() {$/", "language": "JavaScript", "kind": "function", "signature": "()", "scope": "InstancesPage", "scopeKind": "function"}], "hash": "d0d61e260f3e8630c897109eb6a77431", "format-version": 4, "code-base-name": "performance_monitor_frontend", "filename": "performance_monitor_frontend/src/pages/InstancesPage.js", "fields": [{"name": "busy={busy}", "scope": "InstancesPage.busy", "scopeKind": "class", "description": "unavailable"}, {"name": "confirm.item ? (", "scope": "InstancesPage.message", "scopeKind": "class", "description": "unavailable"}, {"name": "isOpen={confirm.open}", "scope": "InstancesPage.isOpen", "scopeKind": "class", "description": "unavailable"}, {"name": "initialValue={formModal.item}", "scope": "InstancesPage.initialValue", "scopeKind": "class", "description": "unavailable"}, {"name": "isOpen={formModal.open}", "scope": "InstancesPage.isOpen", "scopeKind": "class", "description": "unavailable"}, {"name": "mode={formModal.mode}", "scope": "InstancesPage.mode", "scopeKind": "class", "description": "unavailable"}, {"name": "onConfirm={handleDeleteConfirmed}", "scope": "InstancesPage.onConfirm", "scopeKind": "class", "description": "unavailable"}, {"name": "onSubmit={handleSubmit}", "scope": "InstancesPage.onSubmit", "scopeKind": "class", "description": "unavailable"}]}