{"is_source_file": true, "format": "JavaScript", "description": "This file defines a custom React hook 'useWebSocketConnection' that manages WebSocket connections, including connecting/disconnecting, tracking connection status, receiving messages, handling errors, and providing a helper to send JSON payloads.", "external_files": ["./config"], "external_methods": ["useEffect", "useRef", "useState"], "published": ["useWebSocketConnection"], "classes": [], "methods": [{"name": "useWebSocketConnection({ url, enabled = true, protocols } = {})", "description": "Custom React hook that manages WebSocket connection lifecycle, tracks connection status, messages, and errors, and provides a method to send JSON payloads.", "scope": "", "scopeKind": ""}, {"name": "safeWsUrl(url)", "scope": "", "scopeKind": "", "description": "unavailable"}, {"name": "sendJson(payload)", "scope": "useWebSocketConnection", "scopeKind": "function", "description": "unavailable"}], "calls": ["useEffect", "useRef", "useState", "WebSocket", "JSON.stringify"], "search-terms": ["React WebSocket hook", "useWebSocketConnection", "WebSocket connection management", "WebSocket message handling", "React hooks WebSocket"], "state": 2, "file_id": 25, "knowledge_revision": 61, "git_revision": "", "ctags": [{"_type": "tag", "name": "safeWsUrl", "path": "/home/kavia/workspace/code-generation/mongodb-performance-monitor-210576-210585/performance_monitor_frontend/src/lib/wsHooks.js", "pattern": "/^function safeWsUrl(url) {$/", "language": "JavaScript", "kind": "function", "signature": "(url)"}, {"_type": "tag", "name": "sendJson", "path": "/home/kavia/workspace/code-generation/mongodb-performance-monitor-210576-210585/performance_monitor_frontend/src/lib/wsHooks.js", "pattern": "/^  function sendJson(payload) {$/", "language": "JavaScript", "kind": "function", "signature": "(payload)", "scope": "useWebSocketConnection", "scopeKind": "function"}, {"_type": "tag", "name": "useWebSocketConnection", "path": "/home/kavia/workspace/code-generation/mongodb-performance-monitor-210576-210585/performance_monitor_frontend/src/lib/wsHooks.js", "pattern": "/^export function useWebSocketConnection({ url, enabled = true, protocols } = {}) {$/", "language": "JavaScript", "kind": "function", "signature": "({ url, enabled = true, protocols } = {})"}], "hash": "80a8f953541221312449a8ed99156ce0", "format-version": 4, "code-base-name": "performance_monitor_frontend", "filename": "performance_monitor_frontend/src/lib/wsHooks.js", "revision_history": [{"61": ""}]}