{"is_source_file": true, "file_id": 20, "git_revision": "", "state": 1, "description": "", "external_files": [], "external_methods": [], "published": [], "classes": [], "methods": [], "calls": [], "search-terms": [], "ctags": [{"_type": "tag", "name": "LS_KEY", "path": "/home/kavia/workspace/code-generation/mongodb-performance-monitor-210576-210585/performance_monitor_frontend/src/lib/instancesService.js", "pattern": "/^const LS_KEY = \"pm.instances.v1\";$/", "language": "JavaScript", "kind": "constant"}, {"_type": "tag", "name": "MODE", "path": "/home/kavia/workspace/code-generation/mongodb-performance-monitor-210576-210585/performance_monitor_frontend/src/lib/instancesService.js", "pattern": "/^const MODE = (FLAGS.instancesApi || \"mock\").toLowerCase(); \\/\\/ \"mock\" | \"real\"$/", "language": "JavaScript", "kind": "constant"}, {"_type": "tag", "name": "createInstance", "path": "/home/kavia/workspace/code-generation/mongodb-performance-monitor-210576-210585/performance_monitor_frontend/src/lib/instancesService.js", "pattern": "/^export async function createInstance(draft) {$/", "language": "JavaScript", "kind": "function", "signature": "(draft)"}, {"_type": "tag", "name": "created", "path": "/home/kavia/workspace/code-generation/mongodb-performance-monitor-210576-210585/performance_monitor_frontend/src/lib/instancesService.js", "pattern": "/^  const created = {$/", "language": "JavaScript", "kind": "class", "scope": "createInstance", "scopeKind": "class"}, {"_type": "tag", "name": "createdAt", "path": "/home/kavia/workspace/code-generation/mongodb-performance-monitor-210576-210585/performance_monitor_frontend/src/lib/instancesService.js", "pattern": "/^    createdAt: now,$/", "language": "JavaScript", "kind": "property", "scope": "createInstance.created", "scopeKind": "class"}, {"_type": "tag", "name": "deleteInstance", "path": "/home/kavia/workspace/code-generation/mongodb-performance-monitor-210576-210585/performance_monitor_frontend/src/lib/instancesService.js", "pattern": "/^export async function deleteInstance(id) {$/", "language": "JavaScript", "kind": "function", "signature": "(id)"}, {"_type": "tag", "name": "enabled", "path": "/home/kavia/workspace/code-generation/mongodb-performance-monitor-210576-210585/performance_monitor_frontend/src/lib/instancesService.js", "pattern": "/^    enabled: Boolean(draft.enabled),$/", "language": "JavaScript", "kind": "property", "scope": "createInstance.created", "scopeKind": "class"}, {"_type": "tag", "name": "ensureSeeded", "path": "/home/kavia/workspace/code-generation/mongodb-performance-monitor-210576-210585/performance_monitor_frontend/src/lib/instancesService.js", "pattern": "/^function ensureSeeded() {$/", "language": "JavaScript", "kind": "function", "signature": "()"}, {"_type": "tag", "name": "id", "path": "/home/kavia/workspace/code-generation/mongodb-performance-monitor-210576-210585/performance_monitor_frontend/src/lib/instancesService.js", "pattern": "/^    id: randomId(),$/", "language": "JavaScript", "kind": "property", "scope": "createInstance.created", "scopeKind": "class"}, {"_type": "tag", "name": "listInstances", "path": "/home/kavia/workspace/code-generation/mongodb-performance-monitor-210576-210585/performance_monitor_frontend/src/lib/instancesService.js", "pattern": "/^export async function listInstances() {$/", "language": "JavaScript", "kind": "function", "signature": "()"}, {"_type": "tag", "name": "loadMockInstances", "path": "/home/kavia/workspace/code-generation/mongodb-performance-monitor-210576-210585/performance_monitor_frontend/src/lib/instancesService.js", "pattern": "/^function loadMockInstances() {$/", "language": "JavaScript", "kind": "function", "signature": "()"}, {"_type": "tag", "name": "mockDelay", "path": "/home/kavia/workspace/code-generation/mongodb-performance-monitor-210576-210585/performance_monitor_frontend/src/lib/instancesService.js", "pattern": "/^function mockDelay(ms = 220) {$/", "language": "JavaScript", "kind": "function", "signature": "(ms = 220)"}, {"_type": "tag", "name": "name", "path": "/home/kavia/workspace/code-generation/mongodb-performance-monitor-210576-210585/performance_monitor_frontend/src/lib/instancesService.js", "pattern": "/^    name: String(draft.name).trim(),$/", "language": "JavaScript", "kind": "property", "scope": "createInstance.created", "scopeKind": "class"}, {"_type": "tag", "name": "notes", "path": "/home/kavia/workspace/code-generation/mongodb-performance-monitor-210576-210585/performance_monitor_frontend/src/lib/instancesService.js", "pattern": "/^    notes: String(draft.notes || \"\"),$/", "language": "JavaScript", "kind": "property", "scope": "createInstance.created", "scopeKind": "class"}, {"_type": "tag", "name": "parseFeatureFlags", "path": "/home/kavia/workspace/code-generation/mongodb-performance-monitor-210576-210585/performance_monitor_frontend/src/lib/instancesService.js", "pattern": "/^function parseFeatureFlags() {$/", "language": "JavaScript", "kind": "function", "signature": "()"}, {"_type": "tag", "name": "randomId", "path": "/home/kavia/workspace/code-generation/mongodb-performance-monitor-210576-210585/performance_monitor_frontend/src/lib/instancesService.js", "pattern": "/^function randomId() {$/", "language": "JavaScript", "kind": "function", "signature": "()"}, {"_type": "tag", "name": "saveMockInstances", "path": "/home/kavia/workspace/code-generation/mongodb-performance-monitor-210576-210585/performance_monitor_frontend/src/lib/instancesService.js", "pattern": "/^function saveMockInstances(instances) {$/", "language": "JavaScript", "kind": "function", "signature": "(instances)"}, {"_type": "tag", "name": "updateInstance", "path": "/home/kavia/workspace/code-generation/mongodb-performance-monitor-210576-210585/performance_monitor_frontend/src/lib/instancesService.js", "pattern": "/^export async function updateInstance(id, draft) {$/", "language": "JavaScript", "kind": "function", "signature": "(id, draft)"}, {"_type": "tag", "name": "updatedAt", "path": "/home/kavia/workspace/code-generation/mongodb-performance-monitor-210576-210585/performance_monitor_frontend/src/lib/instancesService.js", "pattern": "/^    updatedAt: now,$/", "language": "JavaScript", "kind": "property", "scope": "createInstance.created", "scopeKind": "class"}, {"_type": "tag", "name": "uri", "path": "/home/kavia/workspace/code-generation/mongodb-performance-monitor-210576-210585/performance_monitor_frontend/src/lib/instancesService.js", "pattern": "/^    uri: String(draft.uri).trim(),$/", "language": "JavaScript", "kind": "property", "scope": "createInstance.created", "scopeKind": "class"}, {"_type": "tag", "name": "validateInstanceDraft", "path": "/home/kavia/workspace/code-generation/mongodb-performance-monitor-210576-210585/performance_monitor_frontend/src/lib/instancesService.js", "pattern": "/^function validateInstanceDraft(draft) {$/", "language": "JavaScript", "kind": "function", "signature": "(draft)"}], "format": "JavaScript", "hash": "d63282eea0121dd826d565293c4b3d59", "format-version": 4, "code-base-name": "performance_monitor_frontend", "filename": "performance_monitor_frontend/src/lib/instancesService.js", "knowledge_revision": 46}