{"is_source_file": true, "format": "JavaScript", "description": "A React hook module providing WebSocket connection management for the frontend, allowing components to monitor WebSocket connection status.", "external_files": [], "external_methods": ["WebSocket"], "published": ["useWebSocketConnection"], "classes": [], "methods": [{"name": "useWebSocketConnection({ enabled, url })", "description": "Custom React hook to manage WebSocket connection lifecycle and report connection status for UI use.", "scope": "", "scopeKind": ""}], "calls": ["React.useEffect", "React.useRef", "React.useState", "WebSocket"], "search-terms": ["WebSocket", "React hook", "connection status", "useWebSocket", "frontend", "performance monitor"], "state": 2, "file_id": 31, "knowledge_revision": 89, "git_revision": "", "ctags": [{"_type": "tag", "name": "useWebSocketConnection", "path": "/home/kavia/workspace/code-generation/mongodb-performance-monitor-210576-210585/performance_monitor_frontend/src/lib/wsHooks.js", "pattern": "/^export function useWebSocketConnection({ enabled, url }) {$/", "language": "JavaScript", "kind": "function", "signature": "({ enabled, url })"}], "hash": "f81cc09668a5dc26cf3659342a26104f", "format-version": 4, "code-base-name": "performance_monitor_frontend", "filename": "performance_monitor_frontend/src/lib/wsHooks.js", "revision_history": [{"89": ""}]}