{"is_source_file": true, "format": "JavaScript (React)", "description": "A React component called Badge that renders a styled span element with different styles based on the 'tone' prop for status indicators.", "external_files": ["react"], "external_methods": ["React"], "published": ["default export: Badge"], "classes": [], "methods": [{"name": "toneStyle(tone)", "description": "Helper function that returns style object based on the provided 'tone' value.", "scope": "", "scopeKind": ""}, {"name": "Badge({ children, tone = \"default\", title })", "description": "React functional component that renders a styled span element with optional title and children, applying styles based on 'tone'.", "scope": "", "scopeKind": ""}], "calls": ["toneStyle(tone)"], "search-terms": ["Badge component", "react badge styling", "status indicator", "react functional component", "tone style"], "state": 2, "file_id": 34, "knowledge_revision": 92, "git_revision": "1bef545b8af6e130a0cb95663ccbdf5e7f14e2ba", "ctags": [{"_type": "tag", "name": "Badge", "path": "/home/kavia/workspace/code-generation/mongodb-performance-monitor-210576-210585/performance_monitor_frontend/src/components/Badge.js", "pattern": "/^export default function Badge({ children, tone = \"default\", title }) {$/", "language": "JavaScript", "kind": "function", "signature": "({ children, tone = \"default\", title })"}, {"_type": "tag", "name": "s", "path": "/home/kavia/workspace/code-generation/mongodb-performance-monitor-210576-210585/performance_monitor_frontend/src/components/Badge.js", "pattern": "/^    <span className={s.className} style={s.style} title={title}>$/", "language": "JavaScript", "kind": "field", "scope": "Badge.AnonymousClass1e319ee60101", "scopeKind": "class"}, {"_type": "tag", "name": "toneStyle", "path": "/home/kavia/workspace/code-generation/mongodb-performance-monitor-210576-210585/performance_monitor_frontend/src/components/Badge.js", "pattern": "/^function toneStyle(tone) {$/", "language": "JavaScript", "kind": "function", "signature": "(tone)"}], "hash": "37b5c59c9a1ccb02a52a5a34d28cfd1a", "format-version": 4, "code-base-name": "performance_monitor_frontend", "filename": "performance_monitor_frontend/src/components/Badge.js", "fields": [{"name": "<span className={s.className} style={s.style} title={title}>", "scope": "Badge.AnonymousClass1e319ee60101", "scopeKind": "class", "description": "unavailable"}], "revision_history": [{"92": "1bef545b8af6e130a0cb95663ccbdf5e7f14e2ba"}]}