{"is_source_file": true, "format": "JavaScript/React", "description": "This file defines a React functional component 'LoadingSkeleton' along with a helper component 'SkeletonLine'. It provides a visual loading placeholder with animated skeleton lines, used during data fetching or list loading states.", "external_files": [], "external_methods": [], "published": ["default"], "classes": [], "methods": [{"name": "SkeletonLine({ w = \"100%\", h = 12 })", "description": "A functional component that renders a styled div acting as a placeholder line with customizable width and height.", "scope": "", "scopeKind": ""}, {"name": "LoadingSkeleton({ rows = 6 })", "description": "A functional component that renders a grid of SkeletonLines to serve as a loading placeholder, configurable by number of rows.", "scope": "", "scopeKind": ""}], "calls": ["React", "Array.from", "Object.prototype.toString"], "search-terms": ["LoadingSkeleton", "SkeletonLine", "react", "skeleton loader", "performance monitor"], "state": 2, "file_id": 37, "knowledge_revision": 95, "git_revision": "1bef545b8af6e130a0cb95663ccbdf5e7f14e2ba", "ctags": [{"_type": "tag", "name": "LoadingSkeleton", "path": "/home/kavia/workspace/code-generation/mongodb-performance-monitor-210576-210585/performance_monitor_frontend/src/components/LoadingSkeleton.js", "pattern": "/^export default function LoadingSkeleton({ rows = 6 }) {$/", "language": "JavaScript", "kind": "function", "signature": "({ rows = 6 })"}, {"_type": "tag", "name": "SkeletonLine", "path": "/home/kavia/workspace/code-generation/mongodb-performance-monitor-210576-210585/performance_monitor_frontend/src/components/LoadingSkeleton.js", "pattern": "/^function SkeletonLine({ w = \"100%\", h = 12 }) {$/", "language": "JavaScript", "kind": "function", "signature": "({ w = \"100%\", h = 12 })"}], "hash": "7c82a65344e23785bc3e483310c21cae", "format-version": 4, "code-base-name": "performance_monitor_frontend", "filename": "performance_monitor_frontend/src/components/LoadingSkeleton.js", "revision_history": [{"95": "1bef545b8af6e130a0cb95663ccbdf5e7f14e2ba"}]}