{"is_source_file": true, "format": "JavaScript", "description": "This file contains frontend configuration logic for a React app, including environment variable parsing, URL normalization, feature flag parsing, and configuration exports.", "external_files": ["process.env"], "external_methods": ["String", "Object.prototype.hasOwnProperty"], "published": ["config", "getFlag", "getBooleanFlag", "getEnumFlag"], "classes": [], "methods": [{"name": "normalizeBaseUrl(url)", "description": "Normalizes a URL by trimming and removing trailing slash.", "scope": "", "scopeKind": ""}, {"name": "parseFlags(raw)", "description": "Parses feature flags from a string into an object.", "scope": "", "scopeKind": ""}, {"name": "getFlag(key, fallback = undefined)", "description": "Retrieves the value of a specific feature flag.", "scope": "", "scopeKind": ""}, {"name": "getBooleanFlag(key, fallback = false)", "description": "Retrieves a feature flag as a boolean value.", "scope": "", "scopeKind": ""}, {"name": "getEnumFlag(key, allowed, fallback)", "description": "Retrieves a feature flag ensuring it is within allowed options.", "scope": "", "scopeKind": ""}], "calls": ["normalizeBaseUrl", "parseFlags"], "search-terms": ["config.js", "React configuration", "env variables", "feature flags", "URL normalization"], "state": 2, "file_id": 29, "knowledge_revision": 73, "git_revision": "", "ctags": [{"_type": "tag", "name": "DEFAULT_API_BASE", "path": "/home/kavia/workspace/code-generation/mongodb-performance-monitor-210576-210585/performance_monitor_frontend/src/lib/config.js", "pattern": "/^const DEFAULT_API_BASE = \"http:\\/\\/localhost:8000\";$/", "language": "JavaScript", "kind": "constant"}, {"_type": "tag", "name": "apiBaseUrl", "path": "/home/kavia/workspace/code-generation/mongodb-performance-monitor-210576-210585/performance_monitor_frontend/src/lib/config.js", "pattern": "/^  apiBaseUrl: normalizeBaseUrl(process.env.REACT_APP_API_BASE_URL) || DEFAULT_API_BASE,$/", "language": "JavaScript", "kind": "property", "scope": "config", "scopeKind": "class"}, {"_type": "tag", "name": "config", "path": "/home/kavia/workspace/code-generation/mongodb-performance-monitor-210576-210585/performance_monitor_frontend/src/lib/config.js", "pattern": "/^export const config = {$/", "language": "JavaScript", "kind": "class"}, {"_type": "tag", "name": "flags", "path": "/home/kavia/workspace/code-generation/mongodb-performance-monitor-210576-210585/performance_monitor_frontend/src/lib/config.js", "pattern": "/^  flags,$/", "language": "JavaScript", "kind": "field", "scope": "config", "scopeKind": "class"}, {"_type": "tag", "name": "getBooleanFlag", "path": "/home/kavia/workspace/code-generation/mongodb-performance-monitor-210576-210585/performance_monitor_frontend/src/lib/config.js", "pattern": "/^export function getBooleanFlag(key, fallback = false) {$/", "language": "JavaScript", "kind": "function", "signature": "(key, fallback = false)"}, {"_type": "tag", "name": "getEnumFlag", "path": "/home/kavia/workspace/code-generation/mongodb-performance-monitor-210576-210585/performance_monitor_frontend/src/lib/config.js", "pattern": "/^export function getEnumFlag(key, allowed, fallback) {$/", "language": "JavaScript", "kind": "function", "signature": "(key, allowed, fallback)"}, {"_type": "tag", "name": "getFlag", "path": "/home/kavia/workspace/code-generation/mongodb-performance-monitor-210576-210585/performance_monitor_frontend/src/lib/config.js", "pattern": "/^export function getFlag(key, fallback = undefined) {$/", "language": "JavaScript", "kind": "function", "signature": "(key, fallback = undefined)"}, {"_type": "tag", "name": "normalizeBaseUrl", "path": "/home/kavia/workspace/code-generation/mongodb-performance-monitor-210576-210585/performance_monitor_frontend/src/lib/config.js", "pattern": "/^function normalizeBaseUrl(url) {$/", "language": "JavaScript", "kind": "function", "signature": "(url)"}, {"_type": "tag", "name": "parseFlags", "path": "/home/kavia/workspace/code-generation/mongodb-performance-monitor-210576-210585/performance_monitor_frontend/src/lib/config.js", "pattern": "/^function parseFlags(raw) {$/", "language": "JavaScript", "kind": "function", "signature": "(raw)"}, {"_type": "tag", "name": "wsUrl", "path": "/home/kavia/workspace/code-generation/mongodb-performance-monitor-210576-210585/performance_monitor_frontend/src/lib/config.js", "pattern": "/^  wsUrl:$/", "language": "JavaScript", "kind": "property", "scope": "config", "scopeKind": "class"}], "hash": "336d4b0a7704ed382872a1d4e3d72427", "format-version": 4, "code-base-name": "performance_monitor_frontend", "filename": "performance_monitor_frontend/src/lib/config.js", "fields": [{"name": "apiBaseUrl: normalizeBaseUrl(process.env.REACT_APP_API_BASE_URL) || DEFAULT_API_BASE,", "scope": "config", "scopeKind": "class", "description": "unavailable"}, {"name": "flags,", "scope": "config", "scopeKind": "class", "description": "unavailable"}, {"name": "wsUrl:", "scope": "config", "scopeKind": "class", "description": "unavailable"}], "revision_history": [{"73": ""}]}