{"is_source_file": false, "format": "", "description": "", "external_files": [], "external_methods": [], "published": [], "classes": [], "methods": [], "calls": [], "search-terms": [], "state": 2, "file_id": 5, "knowledge_revision": 52, "git_revision": "a1b271c0a2cd243d0e542d216e911ef5a2ff18fc", "hash": "6114414041225c9d2cdc1f7134e7055e", "format-version": 4, "code-base-name": "performance_monitor_frontend", "filename": "performance_monitor_frontend/src/App.css", "revision_history": [{"52": "a1b271c0a2cd243d0e542d216e911ef5a2ff18fc"}]}