{"is_source_file": false, "format": "", "description": "", "external_files": [], "external_methods": [], "published": [], "classes": [], "methods": [], "calls": [], "search-terms": [], "state": 2, "file_id": 12, "knowledge_revision": 56, "git_revision": "fbcf61c93eb93ad064f04b92cb68e0c0d7d0f8d6", "hash": "0ff093e6e1d492739518775151c1cdd0", "format-version": 4, "code-base-name": "performance_monitor_frontend", "filename": "performance_monitor_frontend/package.json", "revision_history": [{"56": "fbcf61c93eb93ad064f04b92cb68e0c0d7d0f8d6"}]}