{"is_source_file": true, "file_id": 42, "git_revision": "", "state": 1, "description": "", "external_files": [], "external_methods": [], "published": [], "classes": [], "methods": [], "calls": [], "search-terms": [], "ctags": [{"_type": "tag", "name": "isLikelyNetworkError", "path": "/home/kavia/workspace/code-generation/mongodb-performance-monitor-210576-210585/performance_monitor_frontend/src/lib/uiState.js", "pattern": "/^export function isLikelyNetworkError(err) {$/", "language": "JavaScript", "kind": "function", "signature": "(err)"}, {"_type": "tag", "name": "onOffline", "path": "/home/kavia/workspace/code-generation/mongodb-performance-monitor-210576-210585/performance_monitor_frontend/src/lib/uiState.js", "pattern": "/^    function onOffline() {$/", "language": "JavaScript", "kind": "function", "signature": "()", "scope": "useNetworkStatus", "scopeKind": "function"}, {"_type": "tag", "name": "onOnline", "path": "/home/kavia/workspace/code-generation/mongodb-performance-monitor-210576-210585/performance_monitor_frontend/src/lib/uiState.js", "pattern": "/^    function onOnline() {$/", "language": "JavaScript", "kind": "function", "signature": "()", "scope": "useNetworkStatus", "scopeKind": "function"}, {"_type": "tag", "name": "useDebouncedCallback", "path": "/home/kavia/workspace/code-generation/mongodb-performance-monitor-210576-210585/performance_monitor_frontend/src/lib/uiState.js", "pattern": "/^export function useDebouncedCallback(fn, delayMs = 650) {$/", "language": "JavaScript", "kind": "function", "signature": "(fn, delayMs = 650)"}, {"_type": "tag", "name": "useFailureToastGate", "path": "/home/kavia/workspace/code-generation/mongodb-performance-monitor-210576-210585/performance_monitor_frontend/src/lib/uiState.js", "pattern": "/^export function useFailureToastGate({ title = \"Still having trouble\", threshold = 2, windowMs = /", "language": "JavaScript", "kind": "function", "signature": "({ title = \"Still having trouble\", threshold = 2, windowMs = 15000 } = {})"}, {"_type": "tag", "name": "useNetworkStatus", "path": "/home/kavia/workspace/code-generation/mongodb-performance-monitor-210576-210585/performance_monitor_frontend/src/lib/uiState.js", "pattern": "/^export function useNetworkStatus() {$/", "language": "JavaScript", "kind": "function", "signature": "()"}], "format": "JavaScript", "hash": "3b8e4804f8eae831b45fcef75dc252e9", "format-version": 4, "code-base-name": "performance_monitor_frontend", "filename": "performance_monitor_frontend/src/lib/uiState.js", "knowledge_revision": 103}