{"is_source_file": true, "file_id": 22, "git_revision": "", "state": 1, "description": "", "external_files": [], "external_methods": [], "published": [], "classes": [], "methods": [], "calls": [], "search-terms": [], "ctags": [{"_type": "tag", "name": "ConfirmDialog", "path": "/home/kavia/workspace/code-generation/mongodb-performance-monitor-210576-210585/performance_monitor_frontend/src/components/ConfirmDialog.js", "pattern": "/^export default function ConfirmDialog({$/", "language": "JavaScript", "kind": "function", "signature": "({ isOpen, title = \"Confirm\", message, confirmText = \"Confirm\", cancelText = \"Cancel\", tone = \"danger\",  onConfirm, onCancel, busy = false, })"}, {"_type": "tag", "name": "busy", "path": "/home/kavia/workspace/code-generation/mongodb-performance-monitor-210576-210585/performance_monitor_frontend/src/components/ConfirmDialog.js", "pattern": "/^      onClose={busy ? undefined : onCancel}$/", "language": "JavaScript", "kind": "field", "scope": "ConfirmDialog.onClose", "scopeKind": "class"}, {"_type": "tag", "name": "isOpen", "path": "/home/kavia/workspace/code-generation/mongodb-performance-monitor-210576-210585/performance_monitor_frontend/src/components/ConfirmDialog.js", "pattern": "/^      isOpen={isOpen}$/", "language": "JavaScript", "kind": "field", "scope": "ConfirmDialog.isOpen", "scopeKind": "class"}, {"_type": "tag", "name": "title", "path": "/home/kavia/workspace/code-generation/mongodb-performance-monitor-210576-210585/performance_monitor_frontend/src/components/ConfirmDialog.js", "pattern": "/^      title={title}$/", "language": "JavaScript", "kind": "field", "scope": "ConfirmDialog.title", "scopeKind": "class"}], "format": "JavaScript", "hash": "022e19136ca9b477f917adfb7d49f71e", "format-version": 4, "code-base-name": "performance_monitor_frontend", "filename": "performance_monitor_frontend/src/components/ConfirmDialog.js", "knowledge_revision": 48}