{"is_source_file": false, "format": "", "description": "", "external_files": [], "external_methods": [], "published": [], "classes": [], "methods": [], "calls": [], "search-terms": [], "state": 2, "file_id": 5, "knowledge_revision": 26, "git_revision": "017b6604f2830b91fcc32bbacda917d29b057046", "hash": "ff142f854f9c20b638673025b57364b8", "format-version": 4, "code-base-name": "performance_monitor_frontend", "filename": "performance_monitor_frontend/src/App.css", "revision_history": [{"26": "017b6604f2830b91fcc32bbacda917d29b057046"}]}