{"is_source_file": true, "format": "JavaScript", "description": "This JavaScript module provides utility functions for making API requests, including a fetch wrapper, query string builder, and error handling. It appears to be part of a frontend codebase, specifically for API communication.", "external_files": ["./config"], "external_methods": ["fetch"], "published": ["apiRequest", "apiTryRequest"], "classes": [], "methods": [{"name": "toQuery(params)", "description": "Converts an object of parameters into a URL query string.", "scope": "", "scopeKind": ""}, {"name": "readBody(res)", "description": "Reads and parses the response body, handling JSON and text types.", "scope": "", "scopeKind": ""}, {"name": "toError(method, url, res, body)", "description": "Constructs an Error object with detailed message info based on response.", "scope": "", "scopeKind": ""}, {"name": "apiRequest(path, { method = \"GET\", query, body, headers, signal } = {})", "description": "Performs an HTTP request to the API endpoint, returning parsed response data.", "scope": "", "scopeKind": ""}, {"name": "apiTryRequest(path, opts = {})", "description": "Wraps apiRequest to handle errors gracefully and return a structured result.", "scope": "", "scopeKind": ""}], "calls": ["fetch"], "search-terms": ["apiRequest", "apiTryRequest", "toQuery", "readBody", "toError", "fetch wrapper", "API communication", "JavaScript fetch utility"], "state": 2, "file_id": 30, "knowledge_revision": 75, "git_revision": "", "ctags": [{"_type": "tag", "name": "apiRequest", "path": "/home/kavia/workspace/code-generation/mongodb-performance-monitor-210576-210585/performance_monitor_frontend/src/lib/apiClient.js", "pattern": "/^export async function apiRequest(path, { method = \"GET\", query, body, headers, signal } = {}) {$/", "language": "JavaScript", "kind": "function", "signature": "(path, { method = \"GET\", query, body, headers, signal } = {})"}, {"_type": "tag", "name": "apiTryRequest", "path": "/home/kavia/workspace/code-generation/mongodb-performance-monitor-210576-210585/performance_monitor_frontend/src/lib/apiClient.js", "pattern": "/^export async function apiTryRequest(path, opts = {}) {$/", "language": "JavaScript", "kind": "function", "signature": "(path, opts = {})"}, {"_type": "tag", "name": "method", "path": "/home/kavia/workspace/code-generation/mongodb-performance-monitor-210576-210585/performance_monitor_frontend/src/lib/apiClient.js", "pattern": "/^    method,$/", "language": "JavaScript", "kind": "field", "scope": "apiRequest.init", "scopeKind": "class"}, {"_type": "tag", "name": "readBody", "path": "/home/kavia/workspace/code-generation/mongodb-performance-monitor-210576-210585/performance_monitor_frontend/src/lib/apiClient.js", "pattern": "/^async function readBody(res) {$/", "language": "JavaScript", "kind": "function", "signature": "(res)"}, {"_type": "tag", "name": "toError", "path": "/home/kavia/workspace/code-generation/mongodb-performance-monitor-210576-210585/performance_monitor_frontend/src/lib/apiClient.js", "pattern": "/^function toError(method, url, res, body) {$/", "language": "JavaScript", "kind": "function", "signature": "(method, url, res, body)"}, {"_type": "tag", "name": "toQuery", "path": "/home/kavia/workspace/code-generation/mongodb-performance-monitor-210576-210585/performance_monitor_frontend/src/lib/apiClient.js", "pattern": "/^function toQuery(params) {$/", "language": "JavaScript", "kind": "function", "signature": "(params)"}], "hash": "42ea7572bad0b1569ad7c6bf4e4eddd0", "format-version": 4, "code-base-name": "performance_monitor_frontend", "filename": "performance_monitor_frontend/src/lib/apiClient.js", "fields": [{"name": "method,", "scope": "apiRequest.init", "scopeKind": "class", "description": "unavailable"}], "revision_history": [{"75": ""}]}