{"is_source_file": true, "format": "JavaScript (React/JSX)", "description": "This is the entry point of a React front-end application, responsible for bootstrapping and rendering the main App component into the DOM.", "external_files": ["./index.css", "./App"], "external_methods": ["ReactDOM.createRoot", "root.render"], "published": [], "classes": [], "methods": [{"name": "ReactDOM.createRoot", "description": "Creates a React root for rendering a React component into a DOM element."}, {"name": "root.render", "description": "Renders React components into the DOM within the created root."}], "calls": ["ReactDOM.createRoot", "root.render"], "search-terms": ["index.js", "React", "ReactDOM", "render", "main", "entry point"], "state": 2, "file_id": 7, "knowledge_revision": 24, "git_revision": "017b6604f2830b91fcc32bbacda917d29b057046", "ctags": [{"_type": "tag", "name": "root", "path": "/home/kavia/workspace/code-generation/mongodb-performance-monitor-210576-210585/performance_monitor_frontend/src/index.js", "pattern": "/^const root = ReactDOM.createRoot(document.getElementById('root'));$/", "language": "JavaScript", "kind": "constant"}], "hash": "9fc5841375336fc175b49f8767a11383", "format-version": 4, "code-base-name": "performance_monitor_frontend", "filename": "performance_monitor_frontend/src/index.js", "revision_history": [{"24": "017b6604f2830b91fcc32bbacda917d29b057046"}]}