{"is_source_file": true, "format": "JavaScript", "description": "React component 'App' serving as the main application shell, including navigation, routing, and layout for a MongoDB Performance Monitor frontend.", "external_files": ["./pages/DashboardPage", "./pages/AlertsPage", "./pages/RecommendationsPage", "./pages/SettingsPage", "./pages/InstancesPage", "./App.css"], "external_methods": ["React.useMemo", "React.useState", "React.NavLink", "React.Route", "React.Routes", "React.Navigate"], "published": ["App"], "classes": [], "methods": [{"name": "SidebarLink({ to, icon, label })", "description": "Functional component rendering a navigation link with active styling.", "scope": "", "scopeKind": ""}, {"name": "App()", "description": "Main application component managing navigation sidebar, header, and routed content.", "scope": "", "scopeKind": ""}], "calls": ["React.useMemo", "React.useState", "React.NavLink", "React.Route", "React.Routes", "React.Navigate", "./pages/DashboardPage", "./pages/AlertsPage", "./pages/RecommendationsPage", "./pages/SettingsPage", "./pages/InstancesPage", "./App.css"], "search-terms": ["React routing", "Navigation sidebar", "MongoDB performance monitor", "Main app layout", "Routing setup", "Page components"], "state": 2, "file_id": 9, "knowledge_revision": 28, "git_revision": "017b6604f2830b91fcc32bbacda917d29b057046", "revision_history": [{"25": "017b6604f2830b91fcc32bbacda917d29b057046"}, {"28": "017b6604f2830b91fcc32bbacda917d29b057046"}], "ctags": [{"_type": "tag", "name": "App", "path": "/home/kavia/workspace/code-generation/mongodb-performance-monitor-210576-210585/performance_monitor_frontend/src/App.js", "pattern": "/^function App() {$/", "language": "JavaScript", "kind": "function", "signature": "()"}, {"_type": "tag", "name": "SidebarLink", "path": "/home/kavia/workspace/code-generation/mongodb-performance-monitor-210576-210585/performance_monitor_frontend/src/App.js", "pattern": "/^function SidebarLink({ to, icon, label }) {$/", "language": "JavaScript", "kind": "function", "signature": "({ to, icon, label })"}, {"_type": "tag", "name": "selectedInstanceId", "path": "/home/kavia/workspace/code-generation/mongodb-performance-monitor-210576-210585/performance_monitor_frontend/src/App.js", "pattern": "/^                  value={selectedInstanceId}$/", "language": "JavaScript", "kind": "field", "scope": "App.value", "scopeKind": "class"}, {"_type": "tag", "name": "styleTag", "path": "/home/kavia/workspace/code-generation/mongodb-performance-monitor-210576-210585/performance_monitor_frontend/src/App.js", "pattern": "/^const styleTag = document?.getElementById?.(\"pm-sr-only-style\");$/", "language": "JavaScript", "kind": "constant"}, {"_type": "tag", "name": "tag", "path": "/home/kavia/workspace/code-generation/mongodb-performance-monitor-210576-210585/performance_monitor_frontend/src/App.js", "pattern": "/^  const tag = document.createElement(\"style\");$/", "language": "JavaScript", "kind": "constant"}, {"_type": "tag", "name": "to", "path": "/home/kavia/workspace/code-generation/mongodb-performance-monitor-210576-210585/performance_monitor_frontend/src/App.js", "pattern": "/^      to={to}$/", "language": "JavaScript", "kind": "field", "scope": "SidebarLink.to", "scopeKind": "class"}], "hash": "c97bde1489e49932f56630e91a472c01", "format-version": 4, "code-base-name": "performance_monitor_frontend", "filename": "performance_monitor_frontend/src/App.js", "fields": [{"name": "value={selectedInstanceId}", "scope": "App.value", "scopeKind": "class", "description": "unavailable"}, {"name": "to={to}", "scope": "SidebarLink.to", "scopeKind": "class", "description": "unavailable"}]}