{"is_source_file": true, "format": "JavaScript", "description": "This file provides React hooks and utility functions for managing UI state related to network connectivity, debouncing actions, and error handling. It includes functions for detecting network errors, monitoring online/offline status, debouncing function calls, and controlling toast notifications for repeated failures.", "external_files": ["../components/ToastHost"], "external_methods": ["toast"], "published": ["isLikelyNetworkError", "useNetworkStatus", "useDebouncedCallback", "useFailureToastGate"], "classes": [], "methods": [{"name": "isLikelyNetworkError(err)", "description": "Detects whether an error is likely a network or fetch failure based on its message or status.", "scope": "", "scopeKind": ""}, {"name": "useNetworkStatus()", "description": "React hook that tracks browser online/offline status and updates component state accordingly.", "scope": "", "scopeKind": ""}, {"name": "useDebouncedCallback(fn, delayMs = 650)", "description": "Creates a debounced version of a callback function, delaying its execution to prevent spamming.", "scope": "", "scopeKind": ""}, {"name": "useFailureToastGate({ title = \"Still having trouble\", threshold = 2, windowMs = 15000 } = {})", "description": "Returns a callback that shows a toast notification if failures are repeated within a specified time window.", "scope": "", "scopeKind": ""}, {"name": "onOffline()", "scope": "useNetworkStatus", "scopeKind": "function", "description": "unavailable"}, {"name": "onOnline()", "scope": "useNetworkStatus", "scopeKind": "function", "description": "unavailable"}], "calls": ["useCallback", "useEffect", "useMemo", "useRef", "useState", "toast"], "search-terms": ["React hooks", "network status", "debounce", "toast notifications", "fetch error detection"], "state": 2, "file_id": 42, "knowledge_revision": 107, "git_revision": "", "ctags": [{"_type": "tag", "name": "isLikelyNetworkError", "path": "/home/kavia/workspace/code-generation/mongodb-performance-monitor-210576-210585/performance_monitor_frontend/src/lib/uiState.js", "pattern": "/^export function isLikelyNetworkError(err) {$/", "language": "JavaScript", "kind": "function", "signature": "(err)"}, {"_type": "tag", "name": "onOffline", "path": "/home/kavia/workspace/code-generation/mongodb-performance-monitor-210576-210585/performance_monitor_frontend/src/lib/uiState.js", "pattern": "/^    function onOffline() {$/", "language": "JavaScript", "kind": "function", "signature": "()", "scope": "useNetworkStatus", "scopeKind": "function"}, {"_type": "tag", "name": "onOnline", "path": "/home/kavia/workspace/code-generation/mongodb-performance-monitor-210576-210585/performance_monitor_frontend/src/lib/uiState.js", "pattern": "/^    function onOnline() {$/", "language": "JavaScript", "kind": "function", "signature": "()", "scope": "useNetworkStatus", "scopeKind": "function"}, {"_type": "tag", "name": "useDebouncedCallback", "path": "/home/kavia/workspace/code-generation/mongodb-performance-monitor-210576-210585/performance_monitor_frontend/src/lib/uiState.js", "pattern": "/^export function useDebouncedCallback(fn, delayMs = 650) {$/", "language": "JavaScript", "kind": "function", "signature": "(fn, delayMs = 650)"}, {"_type": "tag", "name": "useFailureToastGate", "path": "/home/kavia/workspace/code-generation/mongodb-performance-monitor-210576-210585/performance_monitor_frontend/src/lib/uiState.js", "pattern": "/^export function useFailureToastGate({ title = \"Still having trouble\", threshold = 2, windowMs = /", "language": "JavaScript", "kind": "function", "signature": "({ title = \"Still having trouble\", threshold = 2, windowMs = 15000 } = {})"}, {"_type": "tag", "name": "useNetworkStatus", "path": "/home/kavia/workspace/code-generation/mongodb-performance-monitor-210576-210585/performance_monitor_frontend/src/lib/uiState.js", "pattern": "/^export function useNetworkStatus() {$/", "language": "JavaScript", "kind": "function", "signature": "()"}], "hash": "3b8e4804f8eae831b45fcef75dc252e9", "format-version": 4, "code-base-name": "performance_monitor_frontend", "filename": "performance_monitor_frontend/src/lib/uiState.js", "revision_history": [{"107": ""}]}