{"is_source_file": true, "format": "JavaScript (ESM module)", "description": "ESLint configuration file exporting an array of configuration objects, setting parser options, globals, rules, and plugins for linting JavaScript and React code.", "external_files": ["@eslint/js", "eslint-plugin-react"], "external_methods": [], "published": [], "classes": [], "methods": [], "calls": ["pluginJs", "pluginReact", "pluginJs.configs.recommended"], "search-terms": ["eslint", "eslint.config.mjs", "eslint", "react", "plugin", "parserOptions", "globals", "rules", "plugins"], "state": 2, "file_id": 3, "knowledge_revision": 15, "git_revision": "017b6604f2830b91fcc32bbacda917d29b057046", "hash": "be6538e7523bc2e9da0743133d784136", "format-version": 4, "code-base-name": "performance_monitor_frontend", "filename": "performance_monitor_frontend/eslint.config.mjs", "revision_history": [{"15": "017b6604f2830b91fcc32bbacda917d29b057046"}]}