{"is_source_file": true, "format": "JavaScript", "description": "This file provides utility functions for constructing URLs, handling HTTP responses, and performing HTTP requests (GET, POST, PUT, DELETE) to an API server. It acts as an API client module within a frontend application.", "external_files": ["./config"], "external_methods": [], "published": ["get", "post", "put", "del"], "classes": [], "methods": [{"name": "buildUrl(path)", "description": "Builds a full request URL by combining a base URL from config and a provided path, handling absolute URLs.", "scope": "", "scopeKind": ""}, {"name": "createHttpError(response, bodyText)", "description": "Creates a detailed Error object from an HTTP response, including status, statusText, URL, and body.", "scope": "", "scopeKind": ""}, {"name": "request(method, path, options = {})", "description": "Core function to perform an HTTP request with fetch, handling JSON and response errors.", "scope": "", "scopeKind": ""}, {"name": "get", "description": "Performs an HTTP GET request to the API."}, {"name": "post(path, body, options = {})", "description": "Performs an HTTP POST request to the API.", "scope": "", "scopeKind": ""}, {"name": "put(path, body, options = {})", "description": "Performs an HTTP PUT request to the API.", "scope": "", "scopeKind": ""}, {"name": "del(path, options)", "description": "Performs an HTTP DELETE request to the API.", "scope": "", "scopeKind": ""}], "calls": ["buildUrl", "createHttpError", "fetch", "resp.headers.get", "resp.json", "resp.text"], "search-terms": ["api request functions", "URL building", "http error handling", "API client"], "state": 2, "file_id": 19, "knowledge_revision": 45, "git_revision": "", "ctags": [{"_type": "tag", "name": "Accept", "path": "/home/kavia/workspace/code-generation/mongodb-performance-monitor-210576-210585/performance_monitor_frontend/src/lib/api.js", "pattern": "/^    Accept: \"application\\/json\",$/", "language": "JavaScript", "kind": "property", "scope": "request.headers", "scopeKind": "class"}, {"_type": "tag", "name": "buildUrl", "path": "/home/kavia/workspace/code-generation/mongodb-performance-monitor-210576-210585/performance_monitor_frontend/src/lib/api.js", "pattern": "/^function buildUrl(path) {$/", "language": "JavaScript", "kind": "function", "signature": "(path)"}, {"_type": "tag", "name": "createHttpError", "path": "/home/kavia/workspace/code-generation/mongodb-performance-monitor-210576-210585/performance_monitor_frontend/src/lib/api.js", "pattern": "/^function createHttpError(response, bodyText) {$/", "language": "JavaScript", "kind": "function", "signature": "(response, bodyText)"}, {"_type": "tag", "name": "del", "path": "/home/kavia/workspace/code-generation/mongodb-performance-monitor-210576-210585/performance_monitor_frontend/src/lib/api.js", "pattern": "/^export async function del(path, options) {$/", "language": "JavaScript", "kind": "function", "signature": "(path, options)"}, {"_type": "tag", "name": "headers", "path": "/home/kavia/workspace/code-generation/mongodb-performance-monitor-210576-210585/performance_monitor_frontend/src/lib/api.js", "pattern": "/^  const headers = {$/", "language": "JavaScript", "kind": "class", "scope": "request", "scopeKind": "class"}, {"_type": "tag", "name": "post", "path": "/home/kavia/workspace/code-generation/mongodb-performance-monitor-210576-210585/performance_monitor_frontend/src/lib/api.js", "pattern": "/^export async function post(path, body, options = {}) {$/", "language": "JavaScript", "kind": "function", "signature": "(path, body, options = {})"}, {"_type": "tag", "name": "put", "path": "/home/kavia/workspace/code-generation/mongodb-performance-monitor-210576-210585/performance_monitor_frontend/src/lib/api.js", "pattern": "/^export async function put(path, body, options = {}) {$/", "language": "JavaScript", "kind": "function", "signature": "(path, body, options = {})"}, {"_type": "tag", "name": "request", "path": "/home/kavia/workspace/code-generation/mongodb-performance-monitor-210576-210585/performance_monitor_frontend/src/lib/api.js", "pattern": "/^async function request(method, path, options = {}) {$/", "language": "JavaScript", "kind": "function", "signature": "(method, path, options = {})"}], "hash": "2b71cdc72c6801c8d4e745236d87d780", "format-version": 4, "code-base-name": "performance_monitor_frontend", "filename": "performance_monitor_frontend/src/lib/api.js", "fields": [{"name": "Accept: \"application\\/json\",", "scope": "request.headers", "scopeKind": "class", "description": "unavailable"}], "revision_history": [{"45": ""}]}