{"is_source_file": true, "format": "JavaScript (React JSX)", "description": "This file defines a React functional component named AlertsPage that renders a placeholder alert page with static content.", "external_files": ["react"], "external_methods": [], "published": ["default"], "classes": [], "methods": [{"name": "AlertsPage()", "description": "React functional component rendering a placeholder alerts page", "scope": "", "scopeKind": ""}], "calls": [], "search-terms": ["AlertsPage", "React", "JSX", "alerts", "PerformanceAlerts", "placeholder"], "state": 2, "file_id": 14, "knowledge_revision": 37, "git_revision": "fbcf61c93eb93ad064f04b92cb68e0c0d7d0f8d6", "ctags": [{"_type": "tag", "name": "AlertsPage", "path": "/home/kavia/workspace/code-generation/mongodb-performance-monitor-210576-210585/performance_monitor_frontend/src/pages/AlertsPage.js", "pattern": "/^export default function AlertsPage() {$/", "language": "JavaScript", "kind": "function", "signature": "()"}], "hash": "58015bb6692c36d89cd48bec54132247", "format-version": 4, "code-base-name": "performance_monitor_frontend", "filename": "performance_monitor_frontend/src/pages/AlertsPage.js", "revision_history": [{"37": "fbcf61c93eb93ad064f04b92cb68e0c0d7d0f8d6"}]}