{"is_source_file": true, "format": "JavaScript (React JSX)", "description": "This file is the main React application component for a MongoDB Performance Monitoring dashboard. It defines the overall layout, navigation sidebar, header with controls, and routing for various pages like Dashboard, Alerts, Recommendations, Instances, and Settings.", "external_files": ["./pages/DashboardPage", "./pages/AlertsPage", "./pages/RecommendationsPage", "./pages/SettingsPage", "./pages/InstancesPage", "./components/ToastHost", "./App.css"], "external_methods": ["React.useMemo", "React.useState", "NavLink", "Route", "Routes", "Navigate"], "published": ["App"], "classes": [], "methods": [{"name": "SidebarLink({ to, icon, label })", "description": "A functional component representing a navigation link in the sidebar, highlighting the active route with a specific CSS class.", "scope": "", "scopeKind": ""}, {"name": "App()", "scope": "", "scopeKind": "", "description": "unavailable"}], "calls": ["React.useMemo", "React.useState", "NavLink", "Route", "Routes", "Navigate"], "search-terms": ["React application", "main dashboard component", "routing", "navigation sidebar", "MongoDB Performance Monitor", "App.css", "Page routing", "Main layout"], "state": 2, "file_id": 9, "knowledge_revision": 83, "git_revision": "1bef545b8af6e130a0cb95663ccbdf5e7f14e2ba", "revision_history": [{"25": "017b6604f2830b91fcc32bbacda917d29b057046"}, {"28": "017b6604f2830b91fcc32bbacda917d29b057046"}, {"83": "1bef545b8af6e130a0cb95663ccbdf5e7f14e2ba"}], "ctags": [{"_type": "tag", "name": "App", "path": "/home/kavia/workspace/code-generation/mongodb-performance-monitor-210576-210585/performance_monitor_frontend/src/App.js", "pattern": "/^function App() {$/", "language": "JavaScript", "kind": "function", "signature": "()"}, {"_type": "tag", "name": "SidebarLink", "path": "/home/kavia/workspace/code-generation/mongodb-performance-monitor-210576-210585/performance_monitor_frontend/src/App.js", "pattern": "/^function SidebarLink({ to, icon, label }) {$/", "language": "JavaScript", "kind": "function", "signature": "({ to, icon, label })"}, {"_type": "tag", "name": "selectedInstanceId", "path": "/home/kavia/workspace/code-generation/mongodb-performance-monitor-210576-210585/performance_monitor_frontend/src/App.js", "pattern": "/^                  value={selectedInstanceId}$/", "language": "JavaScript", "kind": "field", "scope": "App.value", "scopeKind": "class"}, {"_type": "tag", "name": "styleTag", "path": "/home/kavia/workspace/code-generation/mongodb-performance-monitor-210576-210585/performance_monitor_frontend/src/App.js", "pattern": "/^const styleTag = document?.getElementById?.(\"pm-sr-only-style\");$/", "language": "JavaScript", "kind": "constant"}, {"_type": "tag", "name": "tag", "path": "/home/kavia/workspace/code-generation/mongodb-performance-monitor-210576-210585/performance_monitor_frontend/src/App.js", "pattern": "/^  const tag = document.createElement(\"style\");$/", "language": "JavaScript", "kind": "constant"}, {"_type": "tag", "name": "to", "path": "/home/kavia/workspace/code-generation/mongodb-performance-monitor-210576-210585/performance_monitor_frontend/src/App.js", "pattern": "/^      to={to}$/", "language": "JavaScript", "kind": "field", "scope": "SidebarLink.to", "scopeKind": "class"}], "hash": "e30fcab653902445a07ebd97d2ed8f25", "format-version": 4, "code-base-name": "performance_monitor_frontend", "filename": "performance_monitor_frontend/src/App.js", "fields": [{"name": "value={selectedInstanceId}", "scope": "App.value", "scopeKind": "class", "description": "unavailable"}, {"name": "to={to}", "scope": "SidebarLink.to", "scopeKind": "class", "description": "unavailable"}]}