{"is_source_file": true, "format": "JavaScript", "description": "This file is a React component for a Recommendations page in a frontend application. It manages listing, filtering, and updating recommendation items related to MongoDB performance tuning, including fetching data from external services, user interactions for applying/dismissing recommendations, and displaying detailed views.", "external_files": ["../components/Badge", "../components/EmptyState", "../components/FilterBar", "../components/InlineError", "../components/LoadingSkeleton", "../components/ToastHost", "../lib/uiState", "../lib/recommendationsService"], "external_methods": ["listRecommendations", "applyRecommendation", "dismissRecommendation", "restoreRecommendation", "updateRecommendationStatus", "isLikelyNetworkError", "useDebouncedCallback", "useFailureToastGate", "useNetworkStatus"], "published": ["RecommendationsPage"], "classes": [], "methods": [{"name": "toneForStatus(st)", "description": "Returns a UI tone string based on the recommendation's status.", "scope": "", "scopeKind": ""}, {"name": "toneForSeverity(sev)", "description": "Returns a UI tone string based on the recommendation's severity.", "scope": "", "scopeKind": ""}, {"name": "normalizeRec(x)", "description": "Normalizes a recommendation object to a standard structure for display.", "scope": "", "scopeKind": ""}, {"name": "formatWhen(iso)", "description": "Formats an ISO date string into a localized date-time string.", "scope": "", "scopeKind": ""}, {"name": "load()", "description": "Fetches recommendations from the backend according to current filters and updates component state.", "scope": "RecommendationsPage", "scopeKind": "function"}, {"name": "setFilter(key, value)", "description": "Updates filter criteria for recommendations.", "scope": "RecommendationsPage", "scopeKind": "function"}, {"name": "setStatus(rec, nextStatus)", "description": "Updates the status of a recommendation (apply, dismiss, restore) with optimistic UI updates and error handling.", "scope": "RecommendationsPage", "scopeKind": "function"}, {"name": "RecommendationsPage()", "scope": "", "scopeKind": "", "description": "unavailable"}], "calls": ["listRecommendations", "applyRecommendation", "dismissRecommendation", "restoreRecommendation", "updateRecommendationStatus", "isLikelyNetworkError", "useDebouncedCallback", "toast", "useNetworkStatus", "useFailureToastGate"], "search-terms": ["RecommendationsPage", "recommendationsService", "recommendation", "filter", "applyRecommendation", "dismissRecommendation", "restoreRecommendation", "status update", "loading state", "filter bar"], "state": 2, "file_id": 15, "knowledge_revision": 110, "git_revision": "b50f6f74535be264d592cc6cf22f4ad71654019f", "revision_history": [{"38": "fbcf61c93eb93ad064f04b92cb68e0c0d7d0f8d6"}, {"88": "1bef545b8af6e130a0cb95663ccbdf5e7f14e2ba"}, {"110": "b50f6f74535be264d592cc6cf22f4ad71654019f"}], "ctags": [{"_type": "tag", "name": "RecommendationsPage", "path": "/home/kavia/workspace/code-generation/mongodb-performance-monitor-210576-210585/performance_monitor_frontend/src/pages/RecommendationsPage.js", "pattern": "/^export default function RecommendationsPage() {$/", "language": "JavaScript", "kind": "function", "signature": "()"}, {"_type": "tag", "name": "formatWhen", "path": "/home/kavia/workspace/code-generation/mongodb-performance-monitor-210576-210585/performance_monitor_frontend/src/pages/RecommendationsPage.js", "pattern": "/^function formatWhen(iso) {$/", "language": "JavaScript", "kind": "function", "signature": "(iso)"}, {"_type": "tag", "name": "load", "path": "/home/kavia/workspace/code-generation/mongodb-performance-monitor-210576-210585/performance_monitor_frontend/src/pages/RecommendationsPage.js", "pattern": "/^  async function load() {$/", "language": "JavaScript", "kind": "function", "signature": "()", "scope": "RecommendationsPage", "scopeKind": "function"}, {"_type": "tag", "name": "normalizeRec", "path": "/home/kavia/workspace/code-generation/mongodb-performance-monitor-210576-210585/performance_monitor_frontend/src/pages/RecommendationsPage.js", "pattern": "/^function normalizeRec(x) {$/", "language": "JavaScript", "kind": "function", "signature": "(x)"}, {"_type": "tag", "name": "setFilter", "path": "/home/kavia/workspace/code-generation/mongodb-performance-monitor-210576-210585/performance_monitor_frontend/src/pages/RecommendationsPage.js", "pattern": "/^  function setFilter(key, value) {$/", "language": "JavaScript", "kind": "function", "signature": "(key, value)", "scope": "RecommendationsPage", "scopeKind": "function"}, {"_type": "tag", "name": "setStatus", "path": "/home/kavia/workspace/code-generation/mongodb-performance-monitor-210576-210585/performance_monitor_frontend/src/pages/RecommendationsPage.js", "pattern": "/^  async function setStatus(rec, nextStatus) {$/", "language": "JavaScript", "kind": "function", "signature": "(rec, nextStatus)", "scope": "RecommendationsPage", "scopeKind": "function"}, {"_type": "tag", "name": "toneForSeverity", "path": "/home/kavia/workspace/code-generation/mongodb-performance-monitor-210576-210585/performance_monitor_frontend/src/pages/RecommendationsPage.js", "pattern": "/^function toneForSeverity(sev) {$/", "language": "JavaScript", "kind": "function", "signature": "(sev)"}, {"_type": "tag", "name": "toneForStatus", "path": "/home/kavia/workspace/code-generation/mongodb-performance-monitor-210576-210585/performance_monitor_frontend/src/pages/RecommendationsPage.js", "pattern": "/^function toneForStatus(st) {$/", "language": "JavaScript", "kind": "function", "signature": "(st)"}], "hash": "41e4e6f15e140a215d2942506964cc2a", "format-version": 4, "code-base-name": "performance_monitor_frontend", "filename": "performance_monitor_frontend/src/pages/RecommendationsPage.js"}