{"is_source_file": true, "format": "JavaScript", "description": "This file defines the DashboardPage React component for a MongoDB performance monitoring frontend. It includes UI components like metric widgets and charts, and manages data fetching and websocket setup for live updates.", "external_files": ["../lib/config", "../lib/metricsService", "../lib/wsHooks"], "external_methods": ["getMetricsSnapshot", "getMetricsTimeseries", "tryHealthCheck", "useWebSocketConnection"], "published": ["DashboardPage"], "classes": [], "methods": [{"name": "formatCompact(n)", "description": "Formats large numbers into abbreviated string forms (e.g., 1.2M, 3.4K).", "scope": "", "scopeKind": ""}, {"name": "formatTimeLabel(iso)", "description": "Formats ISO date strings into locale-specific time labels.", "scope": "", "scopeKind": ""}, {"name": "MetricWidget({ label, value, unit, hint, tone = \"default\" })", "description": "React component for displaying individual performance metric with styling.", "scope": "", "scopeKind": ""}, {"name": "ChartCard({ title, subtitle, children })", "description": "React component for displaying chart containers with titles and subtitles.", "scope": "", "scopeKind": ""}, {"name": "DashboardPage()", "scope": "", "scopeKind": "", "description": "unavailable"}, {"name": "run()", "scope": "DashboardPage", "scopeKind": "function", "description": "unavailable"}], "calls": ["tryHealthCheck", "getMetricsSnapshot", "getMetricsTimeseries", "useWebSocketConnection"], "search-terms": ["DashboardPage", "react performance metrics", "charts", "metricsService", "websocket", "MongoDB performance"], "state": 2, "file_id": 13, "knowledge_revision": 59, "git_revision": "72706ee959655bdd99d86a801e73c524606a1f74", "revision_history": [{"36": "fbcf61c93eb93ad064f04b92cb68e0c0d7d0f8d6"}, {"44": "72706ee959655bdd99d86a801e73c524606a1f74"}, {"59": "72706ee959655bdd99d86a801e73c524606a1f74"}], "ctags": [{"_type": "tag", "name": "16", "path": "/home/kavia/workspace/code-generation/mongodb-performance-monitor-210576-210585/performance_monitor_frontend/src/pages/DashboardPage.js", "pattern": "/^                  minTickGap={16}$/", "language": "JavaScript", "kind": "field", "scope": "minTickGap", "scopeKind": "class"}, {"_type": "tag", "name": "2", "path": "/home/kavia/workspace/code-generation/mongodb-performance-monitor-210576-210585/performance_monitor_frontend/src/pages/DashboardPage.js", "pattern": "/^                  strokeWidth={2}$/", "language": "JavaScript", "kind": "field", "scope": "strokeWidth", "scopeKind": "class"}, {"_type": "tag", "name": "40", "path": "/home/kavia/workspace/code-generation/mongodb-performance-monitor-210576-210585/performance_monitor_frontend/src/pages/DashboardPage.js", "pattern": "/^                  width={40}$/", "language": "JavaScript", "kind": "field", "scope": "width", "scopeKind": "class"}, {"_type": "tag", "name": "48", "path": "/home/kavia/workspace/code-generation/mongodb-performance-monitor-210576-210585/performance_monitor_frontend/src/pages/DashboardPage.js", "pattern": "/^                  width={48}$/", "language": "JavaScript", "kind": "field", "scope": "width", "scopeKind": "class"}, {"_type": "tag", "name": "ChartCard", "path": "/home/kavia/workspace/code-generation/mongodb-performance-monitor-210576-210585/performance_monitor_frontend/src/pages/DashboardPage.js", "pattern": "/^function ChartCard({ title, subtitle, children }) {$/", "language": "JavaScript", "kind": "function", "signature": "({ title, subtitle, children })"}, {"_type": "tag", "name": "DashboardPage", "path": "/home/kavia/workspace/code-generation/mongodb-performance-monitor-210576-210585/performance_monitor_frontend/src/pages/DashboardPage.js", "pattern": "/^export default function DashboardPage() {$/", "language": "JavaScript", "kind": "function", "signature": "()"}, {"_type": "tag", "name": "MetricWidget", "path": "/home/kavia/workspace/code-generation/mongodb-performance-monitor-210576-210585/performance_monitor_frontend/src/pages/DashboardPage.js", "pattern": "/^function MetricWidget({ label, value, unit, hint, tone = \"default\" }) {$/", "language": "JavaScript", "kind": "function", "signature": "({ label, value, unit, hint, tone = \"default\" })"}, {"_type": "tag", "name": "false", "path": "/home/kavia/workspace/code-generation/mongodb-performance-monitor-210576-210585/performance_monitor_frontend/src/pages/DashboardPage.js", "pattern": "/^                  dot={false}$/", "language": "JavaScript", "kind": "field", "scope": "dot", "scopeKind": "class"}, {"_type": "tag", "name": "false", "path": "/home/kavia/workspace/code-generation/mongodb-performance-monitor-210576-210585/performance_monitor_frontend/src/pages/DashboardPage.js", "pattern": "/^                  isAnimationActive={false}$/", "language": "JavaScript", "kind": "field", "scope": "isAnimationActive", "scopeKind": "class"}, {"_type": "tag", "name": "formatCompact", "path": "/home/kavia/workspace/code-generation/mongodb-performance-monitor-210576-210585/performance_monitor_frontend/src/pages/DashboardPage.js", "pattern": "/^function formatCompact(n) {$/", "language": "JavaScript", "kind": "function", "signature": "(n)"}, {"_type": "tag", "name": "formatTimeLabel", "path": "/home/kavia/workspace/code-generation/mongodb-performance-monitor-210576-210585/performance_monitor_frontend/src/pages/DashboardPage.js", "pattern": "/^                  tickFormatter={formatTimeLabel}$/", "language": "JavaScript", "kind": "field", "scope": "tickFormatter", "scopeKind": "class"}, {"_type": "tag", "name": "formatTimeLabel", "path": "/home/kavia/workspace/code-generation/mongodb-performance-monitor-210576-210585/performance_monitor_frontend/src/pages/DashboardPage.js", "pattern": "/^function formatTimeLabel(iso) {$/", "language": "JavaScript", "kind": "function", "signature": "(iso)"}, {"_type": "tag", "name": "metrics", "path": "/home/kavia/workspace/code-generation/mongodb-performance-monitor-210576-210585/performance_monitor_frontend/src/pages/DashboardPage.js", "pattern": "/^            tone={metrics.snapshot?.slowOpsPerMin > 8 ? \"danger\" : \"default\"}$/", "language": "JavaScript", "kind": "field", "scope": "tone", "scopeKind": "class"}, {"_type": "tag", "name": "metrics", "path": "/home/kavia/workspace/code-generation/mongodb-performance-monitor-210576-210585/performance_monitor_frontend/src/pages/DashboardPage.js", "pattern": "/^            value={metrics.snapshot ? formatCompact(metrics.snapshot.connections) : \"\u2014\"}$/", "language": "JavaScript", "kind": "field", "scope": "value", "scopeKind": "class"}, {"_type": "tag", "name": "metrics", "path": "/home/kavia/workspace/code-generation/mongodb-performance-monitor-210576-210585/performance_monitor_frontend/src/pages/DashboardPage.js", "pattern": "/^            value={metrics.snapshot ? formatCompact(metrics.snapshot.opsPerSec) : \"\u2014\"}$/", "language": "JavaScript", "kind": "field", "scope": "value", "scopeKind": "class"}, {"_type": "tag", "name": "metrics", "path": "/home/kavia/workspace/code-generation/mongodb-performance-monitor-210576-210585/performance_monitor_frontend/src/pages/DashboardPage.js", "pattern": "/^            value={metrics.snapshot ? formatCompact(metrics.snapshot.slowOpsPerMin) : \"\u2014\"}$/", "language": "JavaScript", "kind": "field", "scope": "value", "scopeKind": "class"}, {"_type": "tag", "name": "run", "path": "/home/kavia/workspace/code-generation/mongodb-performance-monitor-210576-210585/performance_monitor_frontend/src/pages/DashboardPage.js", "pattern": "/^    async function run() {$/", "language": "JavaScript", "kind": "function", "signature": "()", "scope": "DashboardPage", "scopeKind": "function"}], "hash": "afbdfa4a207cf9a4aac82c5fd111abe1", "format-version": 4, "code-base-name": "performance_monitor_frontend", "filename": "performance_monitor_frontend/src/pages/DashboardPage.js", "fields": [{"name": "minTickGap={16}", "scope": "minTickGap", "scopeKind": "class", "description": "unavailable"}, {"name": "strokeWidth={2}", "scope": "strokeWidth", "scopeKind": "class", "description": "unavailable"}, {"name": "width={40}", "scope": "width", "scopeKind": "class", "description": "unavailable"}, {"name": "width={48}", "scope": "width", "scopeKind": "class", "description": "unavailable"}, {"name": "dot={false}", "scope": "dot", "scopeKind": "class", "description": "unavailable"}, {"name": "isAnimationActive={false}", "scope": "isAnimationActive", "scopeKind": "class", "description": "unavailable"}, {"name": "tickFormatter={formatTimeLabel}", "scope": "tickFormatter", "scopeKind": "class", "description": "unavailable"}, {"name": "tone={metrics.snapshot?.slowOpsPerMin > 8 ? \"danger\" : \"default\"}", "scope": "tone", "scopeKind": "class", "description": "unavailable"}, {"name": "value={metrics.snapshot ? formatCompact(metrics.snapshot.connections) : \"\u2014\"}", "scope": "value", "scopeKind": "class", "description": "unavailable"}, {"name": "value={metrics.snapshot ? formatCompact(metrics.snapshot.opsPerSec) : \"\u2014\"}", "scope": "value", "scopeKind": "class", "description": "unavailable"}, {"name": "value={metrics.snapshot ? formatCompact(metrics.snapshot.slowOpsPerMin) : \"\u2014\"}", "scope": "value", "scopeKind": "class", "description": "unavailable"}]}