{"is_source_file": true, "format": "JavaScript", "description": "A React functional component named ConfirmDialog that renders a modal dialog for user confirmation, with customizable titles, messages, button texts, and tones; uses Modal component for display.", "external_files": ["./Modal"], "external_methods": [], "published": ["default"], "classes": [], "methods": [{"name": "ConfirmDialog({ isOpen, title = \"Confirm\", message, confirmText = \"Confirm\", cancelText = \"Cancel\", tone = \"danger\",  onConfirm, onCancel, busy = false, })", "description": "React functional component rendering a confirmation dialog with customizable properties.", "scope": "", "scopeKind": ""}], "calls": ["React", "Modal"], "search-terms": ["ConfirmDialog", "React component", "Modal", "confirmation dialog", "danger tone", "props"], "state": 2, "file_id": 22, "knowledge_revision": 54, "git_revision": "a1b271c0a2cd243d0e542d216e911ef5a2ff18fc", "ctags": [{"_type": "tag", "name": "ConfirmDialog", "path": "/home/kavia/workspace/code-generation/mongodb-performance-monitor-210576-210585/performance_monitor_frontend/src/components/ConfirmDialog.js", "pattern": "/^export default function ConfirmDialog({$/", "language": "JavaScript", "kind": "function", "signature": "({ isOpen, title = \"Confirm\", message, confirmText = \"Confirm\", cancelText = \"Cancel\", tone = \"danger\",  onConfirm, onCancel, busy = false, })"}, {"_type": "tag", "name": "busy", "path": "/home/kavia/workspace/code-generation/mongodb-performance-monitor-210576-210585/performance_monitor_frontend/src/components/ConfirmDialog.js", "pattern": "/^      onClose={busy ? undefined : onCancel}$/", "language": "JavaScript", "kind": "field", "scope": "ConfirmDialog.onClose", "scopeKind": "class"}, {"_type": "tag", "name": "isOpen", "path": "/home/kavia/workspace/code-generation/mongodb-performance-monitor-210576-210585/performance_monitor_frontend/src/components/ConfirmDialog.js", "pattern": "/^      isOpen={isOpen}$/", "language": "JavaScript", "kind": "field", "scope": "ConfirmDialog.isOpen", "scopeKind": "class"}, {"_type": "tag", "name": "title", "path": "/home/kavia/workspace/code-generation/mongodb-performance-monitor-210576-210585/performance_monitor_frontend/src/components/ConfirmDialog.js", "pattern": "/^      title={title}$/", "language": "JavaScript", "kind": "field", "scope": "ConfirmDialog.title", "scopeKind": "class"}], "hash": "022e19136ca9b477f917adfb7d49f71e", "format-version": 4, "code-base-name": "performance_monitor_frontend", "filename": "performance_monitor_frontend/src/components/ConfirmDialog.js", "fields": [{"name": "onClose={busy ? undefined : onCancel}", "scope": "ConfirmDialog.onClose", "scopeKind": "class", "description": "unavailable"}, {"name": "isOpen={isOpen}", "scope": "ConfirmDialog.isOpen", "scopeKind": "class", "description": "unavailable"}, {"name": "title={title}", "scope": "ConfirmDialog.title", "scopeKind": "class", "description": "unavailable"}], "revision_history": [{"54": "a1b271c0a2cd243d0e542d216e911ef5a2ff18fc"}]}