{"is_source_file": true, "format": "JavaScript (React component)", "description": "This file defines a React functional component named InstancesPage, which renders a placeholder page for managing MongoDB instances.", "external_files": ["react"], "external_methods": [], "published": [], "classes": [], "methods": [{"name": "InstancesPage()", "description": "React functional component rendering a placeholder page for MongoDB instances management.", "scope": "", "scopeKind": ""}], "calls": ["React"], "search-terms": ["InstancesPage", "MongoDB Instances page", "React component placeholder", "performance_monitor_frontend/src/pages/InstancesPage.js"], "state": 2, "file_id": 17, "knowledge_revision": 40, "git_revision": "fbcf61c93eb93ad064f04b92cb68e0c0d7d0f8d6", "ctags": [{"_type": "tag", "name": "InstancesPage", "path": "/home/kavia/workspace/code-generation/mongodb-performance-monitor-210576-210585/performance_monitor_frontend/src/pages/InstancesPage.js", "pattern": "/^export default function InstancesPage() {$/", "language": "JavaScript", "kind": "function", "signature": "()"}], "hash": "87825c6f4bfc5ed0e5567f7f72cd0122", "format-version": 4, "code-base-name": "performance_monitor_frontend", "filename": "performance_monitor_frontend/src/pages/InstancesPage.js", "revision_history": [{"40": "fbcf61c93eb93ad064f04b92cb68e0c0d7d0f8d6"}]}