{"is_source_file": true, "format": "JavaScript (React JSX)", "description": "This file defines a React component `ToastHost` that displays toast notifications and a utility function `toast` to trigger toasts via CustomEvent. It manages toast items in state, listens for 'pm:toast' events, and renders notification cards with dismiss buttons and styling based on notification 'tone'.", "external_files": [], "external_methods": ["window.dispatchEvent", "window.addEventListener", "window.removeEventListener", "setTimeout"], "published": ["toast"], "classes": [], "methods": [{"name": "toast({ title, message, tone = \"default\", timeoutMs = 3200 })", "description": "Global utility to dispatch a toast notification event with specified title, message, tone, and timeout.", "scope": "", "scopeKind": ""}, {"name": "ToastHost()", "scope": "", "scopeKind": "", "description": "unavailable"}, {"name": "onToast(e)", "scope": "ToastHost", "scopeKind": "function", "description": "unavailable"}, {"name": "toneStyles(tone)", "scope": "", "scopeKind": "", "description": "unavailable"}], "calls": ["window.dispatchEvent", "window.setTimeout", "window.addEventListener", "window.removeEventListener", "useState", "useEffect", "useMemo"], "search-terms": ["ToastHost", "pm:toast", "toast notification", "react toast component", "custom event toast"], "state": 2, "file_id": 38, "knowledge_revision": 96, "git_revision": "1bef545b8af6e130a0cb95663ccbdf5e7f14e2ba", "ctags": [{"_type": "tag", "name": "ToastHost", "path": "/home/kavia/workspace/code-generation/mongodb-performance-monitor-210576-210585/performance_monitor_frontend/src/components/ToastHost.js", "pattern": "/^export default function ToastHost() {$/", "language": "JavaScript", "kind": "function", "signature": "()"}, {"_type": "tag", "name": "containerStyle", "path": "/home/kavia/workspace/code-generation/mongodb-performance-monitor-210576-210585/performance_monitor_frontend/src/components/ToastHost.js", "pattern": "/^    <div style={containerStyle} aria-label=\"Notifications\">$/", "language": "JavaScript", "kind": "field", "scope": "ToastHost.AnonymousClasse526929c0101", "scopeKind": "class"}, {"_type": "tag", "name": "id", "path": "/home/kavia/workspace/code-generation/mongodb-performance-monitor-210576-210585/performance_monitor_frontend/src/components/ToastHost.js", "pattern": "/^      const next = { id, ...d };$/", "language": "JavaScript", "kind": "field", "scope": "ToastHost.onToast.next", "scopeKind": "class"}, {"_type": "tag", "name": "onToast", "path": "/home/kavia/workspace/code-generation/mongodb-performance-monitor-210576-210585/performance_monitor_frontend/src/components/ToastHost.js", "pattern": "/^    function onToast(e) {$/", "language": "JavaScript", "kind": "function", "signature": "(e)", "scope": "ToastHost", "scopeKind": "function"}, {"_type": "tag", "name": "toast", "path": "/home/kavia/workspace/code-generation/mongodb-performance-monitor-210576-210585/performance_monitor_frontend/src/components/ToastHost.js", "pattern": "/^export function toast({ title, message, tone = \"default\", timeoutMs = 3200 }) {$/", "language": "JavaScript", "kind": "function", "signature": "({ title, message, tone = \"default\", timeoutMs = 3200 })"}, {"_type": "tag", "name": "toneStyles", "path": "/home/kavia/workspace/code-generation/mongodb-performance-monitor-210576-210585/performance_monitor_frontend/src/components/ToastHost.js", "pattern": "/^function toneStyles(tone) {$/", "language": "JavaScript", "kind": "function", "signature": "(tone)"}], "hash": "db5be6af08916dfc01d31519825f9d53", "format-version": 4, "code-base-name": "performance_monitor_frontend", "filename": "performance_monitor_frontend/src/components/ToastHost.js", "fields": [{"name": "<div style={containerStyle} aria-label=\"Notifications\">", "scope": "ToastHost.AnonymousClasse526929c0101", "scopeKind": "class", "description": "unavailable"}, {"name": "const next = { id, ...d };", "scope": "ToastHost.onToast.next", "scopeKind": "class", "description": "unavailable"}], "revision_history": [{"96": "1bef545b8af6e130a0cb95663ccbdf5e7f14e2ba"}]}