{"is_source_file": true, "format": "JavaScript", "description": "React component implementing the InstancesPage UI for managing MongoDB instances. Includes functions for CRUD operations, loading state, and rendering a table with actions.", "external_files": ["../components/ConfirmDialog", "../components/InstanceFormModal", "../lib/instancesService"], "external_methods": ["listInstances", "createInstance", "updateInstance", "deleteInstance"], "published": [], "classes": [], "methods": [{"name": "InstancesPage()", "description": "Main React functional component for managing MongoDB instances, handling state, effects, and rendering UI elements.", "scope": "", "scopeKind": ""}, {"name": "handleDeleteConfirmed()", "scope": "InstancesPage", "scopeKind": "function", "description": "unavailable"}, {"name": "handleSubmit(draft)", "scope": "InstancesPage", "scopeKind": "function", "description": "unavailable"}, {"name": "openCreate()", "scope": "InstancesPage", "scopeKind": "function", "description": "unavailable"}, {"name": "openDelete(item)", "scope": "InstancesPage", "scopeKind": "function", "description": "unavailable"}, {"name": "openEdit(item)", "scope": "InstancesPage", "scopeKind": "function", "description": "unavailable"}, {"name": "reload()", "scope": "InstancesPage", "scopeKind": "function", "description": "unavailable"}], "calls": ["React.useEffect", "React.useState", "React.useMemo", "listInstances", "setState", "setFormModal", "setConfirm", "setBusy", "reload", "updateInstance", "createInstance", "deleteInstance"], "search-terms": ["InstancesPage", "MongoDB instances management", "React useEffect hook", "CRUD UI React", "instancesService", "instance CRUD"], "state": 2, "file_id": 17, "knowledge_revision": 51, "git_revision": "a1b271c0a2cd243d0e542d216e911ef5a2ff18fc", "revision_history": [{"40": "fbcf61c93eb93ad064f04b92cb68e0c0d7d0f8d6"}, {"51": "a1b271c0a2cd243d0e542d216e911ef5a2ff18fc"}], "ctags": [{"_type": "tag", "name": "InstancesPage", "path": "/home/kavia/workspace/code-generation/mongodb-performance-monitor-210576-210585/performance_monitor_frontend/src/pages/InstancesPage.js", "pattern": "/^export default function InstancesPage() {$/", "language": "JavaScript", "kind": "function", "signature": "()"}, {"_type": "tag", "name": "busy", "path": "/home/kavia/workspace/code-generation/mongodb-performance-monitor-210576-210585/performance_monitor_frontend/src/pages/InstancesPage.js", "pattern": "/^        busy={busy}$/", "language": "JavaScript", "kind": "field", "scope": "InstancesPage.busy", "scopeKind": "class"}, {"_type": "tag", "name": "confirm", "path": "/home/kavia/workspace/code-generation/mongodb-performance-monitor-210576-210585/performance_monitor_frontend/src/pages/InstancesPage.js", "pattern": "/^          confirm.item ? ($/", "language": "JavaScript", "kind": "field", "scope": "InstancesPage.message", "scopeKind": "class"}, {"_type": "tag", "name": "confirm", "path": "/home/kavia/workspace/code-generation/mongodb-performance-monitor-210576-210585/performance_monitor_frontend/src/pages/InstancesPage.js", "pattern": "/^        isOpen={confirm.open}$/", "language": "JavaScript", "kind": "field", "scope": "InstancesPage.isOpen", "scopeKind": "class"}, {"_type": "tag", "name": "formModal", "path": "/home/kavia/workspace/code-generation/mongodb-performance-monitor-210576-210585/performance_monitor_frontend/src/pages/InstancesPage.js", "pattern": "/^        initialValue={formModal.item}$/", "language": "JavaScript", "kind": "field", "scope": "InstancesPage.initialValue", "scopeKind": "class"}, {"_type": "tag", "name": "formModal", "path": "/home/kavia/workspace/code-generation/mongodb-performance-monitor-210576-210585/performance_monitor_frontend/src/pages/InstancesPage.js", "pattern": "/^        isOpen={formModal.open}$/", "language": "JavaScript", "kind": "field", "scope": "InstancesPage.isOpen", "scopeKind": "class"}, {"_type": "tag", "name": "formModal", "path": "/home/kavia/workspace/code-generation/mongodb-performance-monitor-210576-210585/performance_monitor_frontend/src/pages/InstancesPage.js", "pattern": "/^        mode={formModal.mode}$/", "language": "JavaScript", "kind": "field", "scope": "InstancesPage.mode", "scopeKind": "class"}, {"_type": "tag", "name": "handleDeleteConfirmed", "path": "/home/kavia/workspace/code-generation/mongodb-performance-monitor-210576-210585/performance_monitor_frontend/src/pages/InstancesPage.js", "pattern": "/^        onConfirm={handleDeleteConfirmed}$/", "language": "JavaScript", "kind": "field", "scope": "InstancesPage.onConfirm", "scopeKind": "class"}, {"_type": "tag", "name": "handleDeleteConfirmed", "path": "/home/kavia/workspace/code-generation/mongodb-performance-monitor-210576-210585/performance_monitor_frontend/src/pages/InstancesPage.js", "pattern": "/^  async function handleDeleteConfirmed() {$/", "language": "JavaScript", "kind": "function", "signature": "()", "scope": "InstancesPage", "scopeKind": "function"}, {"_type": "tag", "name": "handleSubmit", "path": "/home/kavia/workspace/code-generation/mongodb-performance-monitor-210576-210585/performance_monitor_frontend/src/pages/InstancesPage.js", "pattern": "/^        onSubmit={handleSubmit}$/", "language": "JavaScript", "kind": "field", "scope": "InstancesPage.onSubmit", "scopeKind": "class"}, {"_type": "tag", "name": "handleSubmit", "path": "/home/kavia/workspace/code-generation/mongodb-performance-monitor-210576-210585/performance_monitor_frontend/src/pages/InstancesPage.js", "pattern": "/^  async function handleSubmit(draft) {$/", "language": "JavaScript", "kind": "function", "signature": "(draft)", "scope": "InstancesPage", "scopeKind": "function"}, {"_type": "tag", "name": "openCreate", "path": "/home/kavia/workspace/code-generation/mongodb-performance-monitor-210576-210585/performance_monitor_frontend/src/pages/InstancesPage.js", "pattern": "/^  function openCreate() {$/", "language": "JavaScript", "kind": "function", "signature": "()", "scope": "InstancesPage", "scopeKind": "function"}, {"_type": "tag", "name": "openDelete", "path": "/home/kavia/workspace/code-generation/mongodb-performance-monitor-210576-210585/performance_monitor_frontend/src/pages/InstancesPage.js", "pattern": "/^  function openDelete(item) {$/", "language": "JavaScript", "kind": "function", "signature": "(item)", "scope": "InstancesPage", "scopeKind": "function"}, {"_type": "tag", "name": "openEdit", "path": "/home/kavia/workspace/code-generation/mongodb-performance-monitor-210576-210585/performance_monitor_frontend/src/pages/InstancesPage.js", "pattern": "/^  function openEdit(item) {$/", "language": "JavaScript", "kind": "function", "signature": "(item)", "scope": "InstancesPage", "scopeKind": "function"}, {"_type": "tag", "name": "reload", "path": "/home/kavia/workspace/code-generation/mongodb-performance-monitor-210576-210585/performance_monitor_frontend/src/pages/InstancesPage.js", "pattern": "/^  async function reload() {$/", "language": "JavaScript", "kind": "function", "signature": "()", "scope": "InstancesPage", "scopeKind": "function"}], "hash": "150158284d9ff706392ccc47cf4c3cdb", "format-version": 4, "code-base-name": "performance_monitor_frontend", "filename": "performance_monitor_frontend/src/pages/InstancesPage.js", "fields": [{"name": "busy={busy}", "scope": "InstancesPage.busy", "scopeKind": "class", "description": "unavailable"}, {"name": "confirm.item ? (", "scope": "InstancesPage.message", "scopeKind": "class", "description": "unavailable"}, {"name": "isOpen={confirm.open}", "scope": "InstancesPage.isOpen", "scopeKind": "class", "description": "unavailable"}, {"name": "initialValue={formModal.item}", "scope": "InstancesPage.initialValue", "scopeKind": "class", "description": "unavailable"}, {"name": "isOpen={formModal.open}", "scope": "InstancesPage.isOpen", "scopeKind": "class", "description": "unavailable"}, {"name": "mode={formModal.mode}", "scope": "InstancesPage.mode", "scopeKind": "class", "description": "unavailable"}, {"name": "onConfirm={handleDeleteConfirmed}", "scope": "InstancesPage.onConfirm", "scopeKind": "class", "description": "unavailable"}, {"name": "onSubmit={handleSubmit}", "scope": "InstancesPage.onSubmit", "scopeKind": "class", "description": "unavailable"}]}