{"is_source_file": true, "format": "JavaScript", "description": "This file provides centralized runtime configuration for a React frontend application. It sets up default URLs for API and WebSocket connections, normalized and configurable via environment variables.", "external_files": ["process.env"], "external_methods": ["String.prototype.replace"], "published": ["config"], "classes": [], "methods": [{"name": "normalizeBaseUrl(url)", "description": "Normalizes a URL by removing any trailing slashes.", "scope": "", "scopeKind": ""}], "calls": ["normalizeBaseUrl"], "search-terms": ["performance_monitor_frontend", "config", "environment variables", "REACT_APP_API_BASE_URL", "REACT_APP_WS_URL", "runtime configuration", "base URL normalization"], "state": 2, "file_id": 18, "knowledge_revision": 42, "git_revision": "", "ctags": [{"_type": "tag", "name": "DEFAULT_API_BASE_URL", "path": "/home/kavia/workspace/code-generation/mongodb-performance-monitor-210576-210585/performance_monitor_frontend/src/lib/config.js", "pattern": "/^const DEFAULT_API_BASE_URL = \"http:\\/\\/localhost:3001\";$/", "language": "JavaScript", "kind": "constant"}, {"_type": "tag", "name": "DEFAULT_WS_URL", "path": "/home/kavia/workspace/code-generation/mongodb-performance-monitor-210576-210585/performance_monitor_frontend/src/lib/config.js", "pattern": "/^const DEFAULT_WS_URL = \"ws:\\/\\/localhost:3001\\/ws\";$/", "language": "JavaScript", "kind": "constant"}, {"_type": "tag", "name": "apiBaseUrl", "path": "/home/kavia/workspace/code-generation/mongodb-performance-monitor-210576-210585/performance_monitor_frontend/src/lib/config.js", "pattern": "/^  apiBaseUrl: normalizeBaseUrl(process.env.REACT_APP_API_BASE_URL || DEFAULT_API_BASE_URL),$/", "language": "JavaScript", "kind": "property", "scope": "config", "scopeKind": "class"}, {"_type": "tag", "name": "config", "path": "/home/kavia/workspace/code-generation/mongodb-performance-monitor-210576-210585/performance_monitor_frontend/src/lib/config.js", "pattern": "/^export const config = {$/", "language": "JavaScript", "kind": "class"}, {"_type": "tag", "name": "normalizeBaseUrl", "path": "/home/kavia/workspace/code-generation/mongodb-performance-monitor-210576-210585/performance_monitor_frontend/src/lib/config.js", "pattern": "/^function normalizeBaseUrl(url) {$/", "language": "JavaScript", "kind": "function", "signature": "(url)"}, {"_type": "tag", "name": "wsUrl", "path": "/home/kavia/workspace/code-generation/mongodb-performance-monitor-210576-210585/performance_monitor_frontend/src/lib/config.js", "pattern": "/^  wsUrl: process.env.REACT_APP_WS_URL || DEFAULT_WS_URL,$/", "language": "JavaScript", "kind": "property", "scope": "config", "scopeKind": "class"}], "hash": "f50d67e675b98a93dbe91acc6f508230", "format-version": 4, "code-base-name": "performance_monitor_frontend", "filename": "performance_monitor_frontend/src/lib/config.js", "fields": [{"name": "apiBaseUrl: normalizeBaseUrl(process.env.REACT_APP_API_BASE_URL || DEFAULT_API_BASE_URL),", "scope": "config", "scopeKind": "class", "description": "unavailable"}, {"name": "wsUrl: process.env.REACT_APP_WS_URL || DEFAULT_WS_URL,", "scope": "config", "scopeKind": "class", "description": "unavailable"}], "revision_history": [{"42": ""}]}