{"is_source_file": true, "format": "JavaScript (React component)", "description": "This file defines React functional components for rendering loading skeleton UI placeholders, including list, table, and card variants.", "external_files": [], "external_methods": [], "published": ["LoadingSkeleton"], "classes": [], "methods": [{"name": "SkeletonLine({ w = \"100%\", h = 12 })", "description": "A functional component rendering a single skeleton line with customizable width and height.", "scope": "", "scopeKind": ""}, {"name": "SkeletonTable({ rows = 6, cols = 4 })", "description": "A component rendering a skeleton placeholder for a table with specified number of rows and columns.", "scope": "", "scopeKind": ""}, {"name": "SkeletonCards({ cards = 3 })", "description": "A component rendering a set of card-like skeleton placeholders.", "scope": "", "scopeKind": ""}, {"name": "LoadingSkeleton({ rows = 6, variant = \"list\", label = \"Loading\" })", "description": "Main exported component providing different variants ('list', 'table', 'cards') of loading skeleton placeholders.", "scope": "", "scopeKind": ""}], "calls": ["React", "Array.from", "Math.max", "Math.min", "Math.round"], "search-terms": ["LoadingSkeleton", "SkeletonLine", "SkeletonTable", "SkeletonCards", "react", "jsx", "loading placeholders", "skeleton UI"], "state": 2, "file_id": 37, "knowledge_revision": 105, "git_revision": "b50f6f74535be264d592cc6cf22f4ad71654019f", "revision_history": [{"95": "1bef545b8af6e130a0cb95663ccbdf5e7f14e2ba"}, {"105": "b50f6f74535be264d592cc6cf22f4ad71654019f"}], "ctags": [{"_type": "tag", "name": "LoadingSkeleton", "path": "/home/kavia/workspace/code-generation/mongodb-performance-monitor-210576-210585/performance_monitor_frontend/src/components/LoadingSkeleton.js", "pattern": "/^export default function LoadingSkeleton({ rows = 6, variant = \"list\", label = \"Loading\" }) {$/", "language": "JavaScript", "kind": "function", "signature": "({ rows = 6, variant = \"list\", label = \"Loading\" })"}, {"_type": "tag", "name": "SkeletonCards", "path": "/home/kavia/workspace/code-generation/mongodb-performance-monitor-210576-210585/performance_monitor_frontend/src/components/LoadingSkeleton.js", "pattern": "/^function SkeletonCards({ cards = 3 }) {$/", "language": "JavaScript", "kind": "function", "signature": "({ cards = 3 })"}, {"_type": "tag", "name": "SkeletonLine", "path": "/home/kavia/workspace/code-generation/mongodb-performance-monitor-210576-210585/performance_monitor_frontend/src/components/LoadingSkeleton.js", "pattern": "/^function SkeletonLine({ w = \"100%\", h = 12 }) {$/", "language": "JavaScript", "kind": "function", "signature": "({ w = \"100%\", h = 12 })"}, {"_type": "tag", "name": "SkeletonTable", "path": "/home/kavia/workspace/code-generation/mongodb-performance-monitor-210576-210585/performance_monitor_frontend/src/components/LoadingSkeleton.js", "pattern": "/^function SkeletonTable({ rows = 6, cols = 4 }) {$/", "language": "JavaScript", "kind": "function", "signature": "({ rows = 6, cols = 4 })"}], "hash": "73b941ebfe041d48a65af83439223950", "format-version": 4, "code-base-name": "performance_monitor_frontend", "filename": "performance_monitor_frontend/src/components/LoadingSkeleton.js"}