{"is_source_file": false, "format": "", "description": "", "external_files": [], "external_methods": [], "published": [], "classes": [], "methods": [], "calls": [], "search-terms": [], "state": 2, "file_id": 4, "knowledge_revision": 20, "git_revision": "017b6604f2830b91fcc32bbacda917d29b057046", "ctags": [], "hash": "1a77571e1a8cf36018a41bcedf60db75", "format-version": 4, "code-base-name": "performance_monitor_frontend", "filename": "performance_monitor_frontend/src/setupTests.js", "revision_history": [{"20": "017b6604f2830b91fcc32bbacda917d29b057046"}]}