{"is_source_file": true, "format": "JavaScript (React JSX)", "description": "This file defines a React functional component named 'Modal' that renders a styled modal dialog. It handles ESC key closure, accessibility roles, and focus/interaction semantics, providing a lightweight modal implementation suitable for the application's UI.", "external_files": [], "external_methods": ["React.useEffect"], "published": ["default"], "classes": [], "methods": [{"name": "Modal({ title, children, isOpen, onClose, footer })", "description": "React functional component that renders a modal dialog with title, children content, footer, and handles ESC key to close.", "scope": "", "scopeKind": ""}, {"name": "onKeyDown(e)", "scope": "Modal", "scopeKind": "function", "description": "unavailable"}], "calls": ["window.addEventListener", "window.removeEventListener"], "search-terms": ["React modal component", "useEffect", "ESC key close", "accessible dialog", "styling", "Modal JSX"], "state": 2, "file_id": 21, "knowledge_revision": 53, "git_revision": "a1b271c0a2cd243d0e542d216e911ef5a2ff18fc", "ctags": [{"_type": "tag", "name": "Modal", "path": "/home/kavia/workspace/code-generation/mongodb-performance-monitor-210576-210585/performance_monitor_frontend/src/components/Modal.js", "pattern": "/^export default function Modal({ title, children, isOpen, onClose, footer }) {$/", "language": "JavaScript", "kind": "function", "signature": "({ title, children, isOpen, onClose, footer })"}, {"_type": "tag", "name": "onKeyDown", "path": "/home/kavia/workspace/code-generation/mongodb-performance-monitor-210576-210585/performance_monitor_frontend/src/components/Modal.js", "pattern": "/^    function onKeyDown(e) {$/", "language": "JavaScript", "kind": "function", "signature": "(e)", "scope": "Modal", "scopeKind": "function"}, {"_type": "tag", "name": "title", "path": "/home/kavia/workspace/code-generation/mongodb-performance-monitor-210576-210585/performance_monitor_frontend/src/components/Modal.js", "pattern": "/^        aria-label={title || \"Dialog\"}$/", "language": "JavaScript", "kind": "field", "scope": "Modal.aria", "scopeKind": "class"}], "hash": "74234112d2a79b5abdf20fa562f8e0d2", "format-version": 4, "code-base-name": "performance_monitor_frontend", "filename": "performance_monitor_frontend/src/components/Modal.js", "fields": [{"name": "aria-label={title || \"Dialog\"}", "scope": "Modal.aria", "scopeKind": "class", "description": "unavailable"}], "revision_history": [{"53": "a1b271c0a2cd243d0e542d216e911ef5a2ff18fc"}]}