{"is_source_file": true, "file_id": 30, "git_revision": "", "state": 1, "description": "", "external_files": [], "external_methods": [], "published": [], "classes": [], "methods": [], "calls": [], "search-terms": [], "ctags": [{"_type": "tag", "name": "apiRequest", "path": "/home/kavia/workspace/code-generation/mongodb-performance-monitor-210576-210585/performance_monitor_frontend/src/lib/apiClient.js", "pattern": "/^export async function apiRequest(path, { method = \"GET\", query, body, headers, signal } = {}) {$/", "language": "JavaScript", "kind": "function", "signature": "(path, { method = \"GET\", query, body, headers, signal } = {})"}, {"_type": "tag", "name": "apiTryRequest", "path": "/home/kavia/workspace/code-generation/mongodb-performance-monitor-210576-210585/performance_monitor_frontend/src/lib/apiClient.js", "pattern": "/^export async function apiTryRequest(path, opts = {}) {$/", "language": "JavaScript", "kind": "function", "signature": "(path, opts = {})"}, {"_type": "tag", "name": "method", "path": "/home/kavia/workspace/code-generation/mongodb-performance-monitor-210576-210585/performance_monitor_frontend/src/lib/apiClient.js", "pattern": "/^    method,$/", "language": "JavaScript", "kind": "field", "scope": "apiRequest.init", "scopeKind": "class"}, {"_type": "tag", "name": "readBody", "path": "/home/kavia/workspace/code-generation/mongodb-performance-monitor-210576-210585/performance_monitor_frontend/src/lib/apiClient.js", "pattern": "/^async function readBody(res) {$/", "language": "JavaScript", "kind": "function", "signature": "(res)"}, {"_type": "tag", "name": "toError", "path": "/home/kavia/workspace/code-generation/mongodb-performance-monitor-210576-210585/performance_monitor_frontend/src/lib/apiClient.js", "pattern": "/^function toError(method, url, res, body) {$/", "language": "JavaScript", "kind": "function", "signature": "(method, url, res, body)"}, {"_type": "tag", "name": "toQuery", "path": "/home/kavia/workspace/code-generation/mongodb-performance-monitor-210576-210585/performance_monitor_frontend/src/lib/apiClient.js", "pattern": "/^function toQuery(params) {$/", "language": "JavaScript", "kind": "function", "signature": "(params)"}], "format": "JavaScript", "hash": "42ea7572bad0b1569ad7c6bf4e4eddd0", "format-version": 4, "code-base-name": "performance_monitor_frontend", "filename": "performance_monitor_frontend/src/lib/apiClient.js", "knowledge_revision": 72}