{"is_source_file": false, "format": "", "description": "", "external_files": [], "external_methods": [], "published": [], "classes": [], "methods": [], "calls": [], "search-terms": [], "state": 2, "file_id": 1, "knowledge_revision": 14, "git_revision": "3ac3a6ec80c310f176cfe81ee1ad3b3a63299dad", "hash": "0703436f58ba87ee50dcc140163110f3", "format-version": 4, "code-base-name": "performance_monitor_frontend", "filename": "README.md", "revision_history": [{"14": "3ac3a6ec80c310f176cfe81ee1ad3b3a63299dad"}]}